id_puesto,municipio,cod_dane,puesto,cod_comune,direccion,lon,lat,semaforo,rank_abelardo,votos_abelardo,total_validos,pct_abelardo,n_mesas,v_paloma_valencia,v_sergio_fajardo,v_miguel_uribe_londoño,v_gustavo_matamoros,v_roy_barrera,v_ivan_cepeda,v_santiago_botero,v_sondra_maconllis,v_abelardo_de_la_espriella,v_claudia_lopez,v_luis_gilberto_murillo,v_carlos_caicedo,v_oscar_mauricio_lizcano
p0113,BARBOSA,05079,BIBLIOTECA ISOLDA ECHAVARRIA,0,CL. 15 No. 10 - 50,-75.3293224715638,6.435859176595,verde,1,628,1091,57.56,6,177,47,0,0,0,216,0,0,628,0,0,0,0
p0114,BARBOSA,05079,C.A.S DIEGO FERNANDEZ BARBOSA,0,CR. 21 No. 11 - 30,-75.3337919086688,6.43804159991233,verde,1,685,1217,56.29,7,194,40,0,0,0,256,0,0,685,0,0,0,0
p0115,BARBOSA,05079,CARCEL,0,KR 10 # 16 - 60,-75.3284163718772,6.43601121499908,amarillo,2,3,9,33.33,1,1,0,0,0,0,4,0,0,3,0,1,0,0
p0116,BARBOSA,05079,CENTRO DE EDUCACION SUPERIOR,0,CRA 14 No 15-32,-75.3305257387941,6.43719806546709,verde,1,657,1354,48.52,7,138,72,0,0,0,451,0,0,657,0,0,0,0
p0117,BARBOSA,05079,COL. COOPERATIVO SIMÓN BOLIVAR,0,CR. 11 No. 15 - 41,-75.3293437596209,6.43613530640385,verde,1,729,1366,53.37,8,151,85,0,0,0,372,0,0,729,0,0,0,0
p0118,BARBOSA,05079,I.E. MANUEL JOSE CAICEDO,0,CL. 16 CR. 8 - 2 INT. 110,-75.3273106532788,6.43461257403201,verde,1,1566,3647,42.94,24,305,276,0,0,0,1407,0,0,1566,0,0,0,0
p0119,BARBOSA,05079,I.E.R. EL HATILLO,0,CORREGIMIENTO EL HATILLO,-75.3921408215593,6.413508194126,verde,1,1481,3006,49.27,17,321,175,0,0,0,922,0,0,1481,0,0,0,0
p0120,BARBOSA,05079,IE LUIS EDUARDO ARIAS,0,Cll. 15 #08-103,-75.3287075456223,6.43470727095472,verde,1,2283,4240,53.84,23,567,221,0,0,0,1053,0,0,2283,0,0,0,0
p0121,BARBOSA,05079,PBRO. LUIS EDUARDO PEREZ MOLINA,0,CL. 15 No. 8 - 179,-75.3290933874096,6.43509283253563,verde,1,1562,3021,51.7,18,497,133,0,0,0,738,0,0,1562,0,0,0,0
p0122,BARBOSA,05079,UNIDAD DEPORTIVA LOS BUCAROS,0,CLL 20 No 19-24,-75.3305130472892,6.44092974152734,verde,1,2023,4348,46.53,27,380,316,0,0,0,1510,0,0,2023,0,0,0,0
p0123,BELLO,05088,BETSABE ESPINAL,0,"AV 33 NRO 59 33 BR
TERRANOVA",-75.5418956279754,6.34402582708709,verde,1,3580,6977,51.31,26,455,749,0,0,0,2097,0,0,3580,0,0,0,0
p0124,BELLO,05088,CARCEL NACIONAL DE BELLAVISTA,0,DIAG 44 #39 -145,-75.5443854199999,6.33083390699999,amarillo,2,65,236,27.54,2,23,18,0,0,0,122,0,0,65,0,0,0,0
p0125,BELLO,05088,CENTRO EDUCAT RAQUEL JARAMILLO,0,CL 21 A 66 43,-75.5749189853668,6.31241932338589,verde,1,2376,4547,52.25,25,434,325,0,0,0,1286,0,0,2376,0,0,0,0
p0126,BELLO,05088,COL JESUS DE LA BUENA ESPERANZ,0,"CL 49 47 - 10 BARRIO
MANCHESTER",-75.5563366413116,6.33440225672819,verde,1,4671,7631,61.21,40,815,417,0,0,0,1590,0,0,4671,0,0,0,0
p0127,BELLO,05088,COL NUESTRA SEÑORA DE CHIQUINQ,0,DG 61 NO 42-78,-75.549223423004,6.34367127768171,verde,1,3148,6077,51.8,26,431,606,0,0,0,1793,0,0,3148,0,0,0,0
p0128,BELLO,05088,COLEGIO ANA MARIA JANER,0,DIG 53 NRO 43-81,-75.55087,6.33788,verde,1,248,455,54.51,2,29,50,0,0,0,114,0,0,248,0,0,0,0
p0129,BELLO,05088,COLEGIO BETHLEMITAS,0,CL 24A NRO 51-52,-75.55889,6.31424,verde,1,748,1355,55.2,5,84,150,0,0,0,359,0,0,748,0,0,0,0
p0130,BELLO,05088,COLEGIO CARMELITANO,0,CL 57 NRO 62 - 34,-75.56683,6.34073,verde,1,367,691,53.11,3,53,50,0,0,0,208,0,0,367,0,0,0,0
p0131,BELLO,05088,COLEGIO LA SALLE,0,CL 45 57 44,-75.5645012855528,6.33125123152537,verde,1,5465,10234,53.4,45,935,973,0,0,0,2712,0,0,5465,0,0,0,0
p0132,BELLO,05088,COLEGIO MANO AMIGA,0,"CARRERA 66 No 59A 80 EL
TRAPICHE",-75.5692,6.34483,verde,1,4300,8440,50.95,35,620,731,0,0,0,2642,0,0,4300,0,0,0,0
p0133,BELLO,05088,COLEGIO PARROQUIAL SAN FCO DE ASIS,0,KR 58 27B-21,-75.5639809367739,6.31750592613908,verde,1,3735,6440,58.0,29,548,649,0,0,0,1438,0,0,3735,0,0,0,0
p0134,BELLO,05088,COLEGIO SAN BUENAVENTURA,0,CRA 51A 23-83,-75.5591475963591,6.31364565763424,verde,1,3278,5443,60.22,23,414,579,0,0,0,1126,0,0,3278,0,0,0,0
p0135,BELLO,05088,I.E. ANDRES BELLO,0,KR 50 #54 -28,-75.55886298,6.33784456199999,verde,1,4019,6341,63.38,22,607,392,0,0,0,1210,0,0,4019,0,0,0,0
p0136,BELLO,05088,I.E. ATANASIO GIRARDOT,0,CL 24 A NO 59 A 114,-75.569758415222,6.31412552676682,verde,1,3542,7176,49.36,43,373,705,0,0,0,2418,0,0,3542,0,0,0,0
p0137,BELLO,05088,I.E CARLOS PEREZ SEDE ROSALIA,0,CLL 53 A NO 57 A 34,-75.565273761749,6.33895014919964,verde,1,1886,4480,42.1,20,311,438,0,0,0,1772,0,0,1886,0,0,0,0
p0138,BELLO,05088,I.E. CIAL ANTONIO ROLDAN,0,DG 65 45DD 215,-75.5531255675531,6.34598262667972,verde,1,2137,3786,56.44,18,454,263,0,0,0,855,0,0,2137,0,0,0,0
p0139,BELLO,05088,I.E. CONCEJO DE BELLO,0,DIAG 56 45 42,-75.553354024887,6.34066692819449,verde,1,3544,6671,53.13,30,547,543,0,0,0,1918,0,0,3544,0,0,0,0
p0140,BELLO,05088,I.E DIVINA EUCARISTIA,0,CRA 53 NRO 51-28,-75.56087,6.3351,verde,1,200,394,50.76,2,38,23,0,0,0,129,0,0,200,0,0,0,0
p0141,BELLO,05088,I.E FE Y ALEGRIA NUEVA GENERAC,0,AV 38 61 02,-75.5464017391203,6.34412179530535,verde,1,3929,7568,51.92,30,697,619,0,0,0,2204,0,0,3929,0,0,0,0
p0142,BELLO,05088,I.E FEDERICO SIERRA ARANGO,0,CR 43B #20E -40,-75.55308986,6.308767856,verde,1,2782,5064,54.94,30,493,329,0,0,0,1317,0,0,2782,0,0,0,0
p0143,BELLO,05088,I.E. FERNANDO VELEZ,0,CR 58 A NO 52C 135,-75.567419528961,6.33762257394572,verde,1,3340,6339,52.69,30,684,471,0,0,0,1705,0,0,3340,0,0,0,0
p0144,BELLO,05088,I.E FONTIDUEÑO JAIME ARANGO R,0,DIAG 44 #32 -84,-75.5363970994949,6.33425297001226,verde,1,2621,5251,49.91,25,415,401,0,0,0,1699,0,0,2621,0,0,0,0
p0145,BELLO,05088,I.E. GILBERTO ECHEVERRI MEJIA,0,CL 68 49A 41 BR MIRADOR,-75.5586272478076,6.34788853374588,verde,1,2386,4793,49.78,21,452,402,0,0,0,1468,0,0,2386,0,0,0,0
p0146,BELLO,05088,I.E. HERNAN VILLA BAENA,0,CL 69 # 60 235,-75.5657029151915,6.34854697706008,verde,1,3579,6159,58.11,30,654,364,0,0,0,1438,0,0,3579,0,0,0,0
p0147,BELLO,05088,I.E. LA GABRIELA,0,CL 31 #43 -94,-75.5507843799998,6.319204044,verde,1,2243,4612,48.63,23,406,333,0,0,0,1499,0,0,2243,0,0,0,0
p0148,BELLO,05088,I.E. LA MILAGROSA,0,CL 62 A 54-51,-75.5609902739523,6.34259963062792,verde,1,3071,5733,53.57,26,487,413,0,0,0,1594,0,0,3071,0,0,0,0
p0149,BELLO,05088,I.E LA UNION SAN FELIX,0,KILOMETRO 16 VIA BELLO SAN FELIX VEREDA LA UNION,-75.6209,6.37994,verde,1,80,131,61.07,1,17,9,0,0,0,19,0,0,80,0,0,0,0
p0150,BELLO,05088,I.E. LAS VEGAS,0,DIAG 45 #35 -85,-75.5416059494017,6.33185904499041,verde,1,1855,3395,54.64,15,240,235,0,0,0,984,0,0,1855,0,0,0,0
p0151,BELLO,05088,I.E MARCO FIDEL SUAREZ SEDE NAZARETH,0,CALLE 51 # 58-55,-75.5651002199999,6.33437635199999,verde,1,1923,4175,46.06,22,277,416,0,0,0,1473,0,0,1923,0,0,0,0
p0152,BELLO,05088,I.E. NAVARRA,0,DIAG 57 #20 - 46,-75.5315825343132,6.34652366072163,verde,1,1665,2970,56.06,11,258,276,0,0,0,733,0,0,1665,0,0,0,0
p0153,BELLO,05088,I.E. SAN FELIX,0,"KILOMETRO 22 VIA
MEDELLIN SAN PEDRO",-75.6088965899999,6.33997477399999,verde,1,1005,1660,60.54,8,253,100,0,0,0,251,0,0,1005,0,0,0,0
p0154,BELLO,05088,I.E SAN GABRIEL ARCANGEL,0,AV 14 B # 53B - 111,-75.52386,6.34621,verde,1,216,451,47.89,2,46,27,0,0,0,154,0,0,216,0,0,0,0
p0155,BELLO,05088,I.E. SAN JUDAS BARRIO PARIS,0,CRA 75 # 21-60,-75.57993,6.31399,verde,1,128,299,42.81,2,13,16,0,0,0,126,0,0,128,0,0,0,0
p0156,BELLO,05088,I.E. SANTA CATALINA,0,CL 56 46 14,-75.5559396743773,6.33927004633944,verde,1,2731,5033,54.26,23,465,426,0,0,0,1326,0,0,2731,0,0,0,0
p0157,BELLO,05088,I.E. TOMAS CADAVID RESTREPO,0,CALLE 55 No 38-170,-75.56,6.32399999999999,verde,1,3338,5600,59.61,25,512,446,0,0,0,1232,0,0,3338,0,0,0,0
p0158,BELLO,05088,IE BARRIO PARIS,0,CARRERA 76 No 20F-59,-75.5815819999999,6.313545,verde,1,989,2070,47.78,13,114,172,0,0,0,723,0,0,989,0,0,0,0
p0159,BELLO,05088,IE JORGE ELIECER GAITAN,0,CARRERA 50 No 53-64,-75.5587666325078,6.33705260135115,verde,1,5062,9261,54.66,46,951,650,0,0,0,2453,0,0,5062,0,0,0,0
p0160,BELLO,05088,IE JOSEFA CAMPOS,0,DIAGONAL 65 No 45BB-137,-75.5525279045103,6.3462864070335,verde,1,2888,6084,47.47,27,435,500,0,0,0,2131,0,0,2888,0,0,0,0
p0161,BELLO,05088,IE SAGRADO CORAZON,0,CALLE 47 No 48-38,-75.5567631125449,6.33326927610737,verde,1,1457,2946,49.46,19,185,247,0,0,0,985,0,0,1457,0,0,0,0
p0162,BELLO,05088,IE SUAREZ DE LA PRESENTACION,0,CRA 55 No 35-41,-75.5590169,6.312839406,verde,1,3402,6955,48.91,35,481,952,0,0,0,2042,0,0,3402,0,0,0,0
p0163,BELLO,05088,IE VILLA DEL SOL SEC 1,0,CALLE 72A No 63A-50,-75.5667355656622,6.35132469220751,verde,1,3854,8323,46.31,39,563,767,0,0,0,2955,0,0,3854,0,0,0,0
p0164,BELLO,05088,IE ZAMORA CENTENARIO,0,CALLE 21 CC No 41C-42,-75.54982099,6.30719803199999,amarillo,2,822,2037,40.35,13,125,176,0,0,0,854,0,0,822,0,0,0,0
p0165,BELLO,05088,INST. UNIVERSITARIA MARCO FIDEL SUAREZ,0,CLL 48 No 50-30,-75.5584824085235,6.33313864994649,verde,1,2740,5973,45.87,34,445,571,0,0,0,2097,0,0,2740,0,0,0,0
p0166,BELLO,05088,MEGACOLEGIO I.E. BARRIO PARIS,0,CRA 78 No 20D-85,-75.5833054499999,6.313474192,verde,1,1416,2717,52.12,16,250,191,0,0,0,767,0,0,1416,0,0,0,0
p0167,BELLO,05088,SD 2 I.E. LA GABRIELA,0,CALLE 31 NRO 43B-38,-75.55121,6.3193,amarillo,2,399,945,42.22,4,66,65,0,0,0,402,0,0,399,0,0,0,0
p0168,BELLO,05088,SD AVENIDAS LICEO ANTIOQUEÑO,0,CR 56 NRO 32-08,-75.56137,6.32014,verde,1,276,472,58.47,2,39,48,0,0,0,99,0,0,276,0,0,0,0
p0169,BELLO,05088,SD EL TREBOL I.E. NAVARRA,0,AV. 20 No 54-180 INT 110,-75.53,6.346,verde,1,812,1586,51.2,7,109,164,0,0,0,480,0,0,812,0,0,0,0
p0170,BELLO,05088,SD JOSE MARIA GRIJELMO FE Y ALEGRIA,0,"KM 7 ANTIGUA VIA GUARNE
BARRIO EL PINAR",-75.535058,6.306226,verde,1,449,902,49.78,5,113,31,0,0,0,259,0,0,449,0,0,0,0
p0171,BELLO,05088,SD PRADERA I.E ALBERTO DIAZ MUÑOZ,0,KR 75 No 20D-23,-75.5812852084635,6.31134894449003,verde,1,758,1588,47.73,9,138,118,0,0,0,529,0,0,758,0,0,0,0
p0172,BELLO,05088,SD PRINCIPAL I.E. ALBERTO DIAZ MUÑOZ,0,CL 20 F 78 A 07,-75.5834242699273,6.31337639667877,verde,1,1960,4008,48.9,21,423,272,0,0,0,1219,0,0,1960,0,0,0,0
p0173,BELLO,05088,SD SERRAMONTE LICEO ANTIOQUEÑO,0,CR 59BB NRO 40A-24,-75.56857,6.32712,verde,1,334,638,52.35,3,59,77,0,0,0,166,0,0,334,0,0,0,0
p0174,BELLO,05088,"SEC PRIMARIA IE FONTIDUEÑO JAIME
ARANGO",0,AVENIDA 31 # 43 - 105,-75.53638,6.33408,amarillo,2,44,128,34.38,1,11,20,0,0,0,52,0,0,44,0,0,0,0
p0175,BELLO,05088,"SECC VILLA LINDA IE ANTONIO MARIA
BEDOYA",0,CLL 83 B # 67-21,-75.57148,6.35963,verde,1,222,516,43.02,2,28,40,0,0,0,213,0,0,222,0,0,0,0
p0176,BELLO,05088,"TIERRA ADENTRO I.E. ANTONIO MARIA
BEDOYA",0,CR 69 NRO 77 -220,-75.57383,6.35838,verde,1,121,237,51.05,1,19,24,0,0,0,64,0,0,121,0,0,0,0
p0177,BELLO,05088,UNIVERSIDAD PUBLICA DE BELLO,0,CR 50 # 46 - 45,-75.55807471,6.337264183,verde,1,4484,7006,64.0,26,477,296,0,0,0,1554,0,0,4484,0,0,0,0
p0224,CALDAS,05129,C.D.I. TRES AGUAS,0,CRA 49 N 125 SUR 72,-75.6344697235825,6.09654576065438,verde,1,175,421,41.57,2,28,39,0,0,0,171,0,0,175,0,0,0,0
p0225,CALDAS,05129,CENTRO ARTISTICO Y CULTURAL,0,CLL 129 SUR No 48-70,-75.6346288962009,6.08874578561933,verde,1,2459,4692,52.41,20,505,347,0,0,0,1286,0,0,2459,0,0,0,0
p0226,CALDAS,05129,CENTRO INTEGRACION CIUDADANA,0,CRA 42 No 127 SUR - 26,-75.6292725218523,6.09440262870197,verde,1,774,1647,46.99,7,156,202,0,0,0,478,0,0,774,0,0,0,0
p0227,CALDAS,05129,COLEGIO CAMPESTRE MONTEALEGRE,0,CRA 50 N 108 SUR 151,-75.637348696533,6.11059438302735,verde,1,160,361,44.32,2,23,32,0,0,0,133,0,0,160,0,0,0,0
p0228,CALDAS,05129,COLISEO,0,CARRERA 46 No 132SUR-50,-75.6325542124367,6.08960058332295,verde,1,2063,4747,43.46,27,310,524,0,0,0,1756,0,0,2063,0,0,0,0
p0229,CALDAS,05129,I.E. FEDERICO ANGEL,0,KR 49 # 139SUR - 31,-75.6625118020313,6.08522256379086,verde,1,2051,4112,49.88,18,425,344,0,0,0,1186,0,0,2051,0,0,0,0
p0230,CALDAS,05129,I.E.GABRIEL ECHAVARRIA,0,KR 50 # 108 SUR 05,-75.636554725037,6.11031134588921,amarillo,2,683,1856,36.8,12,115,218,0,0,0,791,0,0,683,0,0,0,0
p0231,CALDAS,05129,I.E. JOAQUIN ARISTIZABAL,0,CL 128 SUR No 51 - 50,-75.6380004350074,6.0950907266155,verde,1,3113,5455,57.07,26,640,431,0,0,0,1163,0,0,3113,0,0,0,0
p0232,CALDAS,05129,I.E JORGE VALENCIA,0,CL 128 SUR N 59 - 12,-75.6436523833925,6.09163322820214,amarillo,2,112,311,36.01,2,24,25,0,0,0,138,0,0,112,0,0,0,0
p0233,CALDAS,05129,I.E JOSE MARIA BERNAL,0,CL 127 SUR No 54-51,-75.6436491686041,6.09140485600487,verde,1,2404,5109,47.05,25,407,506,0,0,0,1706,0,0,2404,0,0,0,0
p0234,CALDAS,05129,I.E. MARIA AUXILIADORA,0,KR 49 # 131SUR - 23,-75.6352806339425,6.09023801338523,verde,1,3468,6587,52.65,27,715,665,0,0,0,1601,0,0,3468,0,0,0,0
p0235,CALDAS,05129,I.E.R. DARIO GUTIERREZ RAVE,0,CL 155 SUR N 52 07,-75.6350868213447,6.06972545271442,verde,1,122,279,43.73,1,30,24,0,0,0,97,0,0,122,0,0,0,0
p0236,CALDAS,05129,I.E. SANTA INES,0,CRA 47 No 136SUR-19,-75.6327218489349,6.08409971518707,verde,1,989,2027,48.79,8,183,222,0,0,0,590,0,0,989,0,0,0,0
p0237,CALDAS,05129,I.E. SANTA MARIA GORETTI,0,DIAG. 53 # 126A SUR - 49,-75.6373647542497,6.09453331334608,verde,1,2315,4517,51.25,20,529,392,0,0,0,1173,0,0,2315,0,0,0,0
p0238,CALDAS,05129,PARQUE HABITAT DEL SUR,0,CALLE 142A SUR No. 50 - 15,-75.6346224509509,6.08050243849803,verde,1,1497,3350,44.69,16,249,351,0,0,0,1166,0,0,1497,0,0,0,0
p0340,COPACABANA,05212,CASA DE LA CULTURA,0,CLL 50 No 47-79,-75.5065603622554,6.34720532152535,verde,1,474,1038,45.66,5,61,124,0,0,0,357,0,0,474,0,0,0,0
p0341,COPACABANA,05212,Col. Autónomo Ntra. Señora de la B. E,0,CLL 50 No 63-40,-75.5174311995506,6.34351666207517,verde,1,829,1933,42.89,11,86,282,0,0,0,693,0,0,829,0,0,0,0
p0342,COPACABANA,05212,COL COOP JUAN DEL CORRAL,0,CARRERA 40 No 48-114,-75.50158484,6.34945451699999,verde,1,924,2048,45.12,10,133,255,0,0,0,697,0,0,924,0,0,0,0
p0343,COPACABANA,05212,ESC. URB. LA MISERICORDIA,0,CLL 48 No 66A-15,-75.5185282230377,6.34129605695439,verde,1,513,1056,48.58,5,60,125,0,0,0,344,0,0,513,0,0,0,0
p0344,COPACABANA,05212,I.E JOSE MIGUEL DE RESTREPO Y PUERTA,0,CARRERA 46B No 47A-29,-75.5049637399998,6.345517236,verde,1,4260,8502,50.11,47,611,853,0,0,0,2632,0,0,4260,0,0,0,0
p0345,COPACABANA,05212,I.E SAN LUIS GONZAGA,0,CLL 50 No 62-78,-75.5158185377119,6.34427740809567,verde,1,3955,6976,56.69,30,566,513,0,0,0,1829,0,0,3955,0,0,0,0
p0346,COPACABANA,05212,I.E. SAN RAFAEL,0,"VEREDA ZARZAL AUTOPISTA
NORTE",-75.4949351857473,6.3621459988598,verde,1,324,513,63.16,2,65,29,0,0,0,87,0,0,324,0,0,0,0
p0347,COPACABANA,05212,IE ASUNCION SECUNDARIA,0,CRA 49 No 48-19,-75.5068967068125,6.345863966015,verde,1,1569,3034,51.71,15,325,269,0,0,0,826,0,0,1569,0,0,0,0
p0348,COPACABANA,05212,IE CAMILO TORRES,0,CARRERA 50 A No 47A-33,-75.50805364,6.34426431999999,verde,1,2117,3991,53.04,19,385,307,0,0,0,1100,0,0,2117,0,0,0,0
p0349,COPACABANA,05212,IE GABRIELA MISTRAL,0,CARRERA 28 No 43-199,-75.4937681999999,6.35415961,verde,1,427,938,45.52,5,69,86,0,0,0,336,0,0,427,0,0,0,0
p0350,COPACABANA,05212,IE LA TRINIDAD,0,CLL 41 No 78C-32,-75.5316817760466,6.33518601127877,verde,1,2137,4220,50.64,26,250,331,0,0,0,1407,0,0,2137,0,0,0,0
p0351,COPACABANA,05212,IE PRESBITERO B. MONTOYA,0,CLL 50 No 34-07,-75.4995349499998,6.353871711,verde,1,2361,4447,53.09,21,404,335,0,0,0,1247,0,0,2361,0,0,0,0
p0352,COPACABANA,05212,IE VILLANUEVA,0,CARRERA 56 No 56-155,-75.5135253499999,6.348539016,verde,1,2530,4789,52.83,23,428,367,0,0,0,1379,0,0,2530,0,0,0,0
p0353,COPACABANA,05212,"SEDE COPACABANA TECNOLOGICO DE
ANTIOQUIA",0,CRA 50 No 50A - 59,-75.5078819799998,6.34583179799999,verde,1,629,1187,52.99,7,199,51,0,0,0,289,0,0,629,0,0,0,0
p0354,COPACABANA,05212,SEDE MONTAÑUELA - I. E. SAN LUIS GONZAGA,0,VEREDA QUEBRADA ARRIBA - SECTOR MONTAÑUELA,-75.470048,6.32159849285689,verde,1,80,117,68.38,1,18,2,0,0,0,17,0,0,80,0,0,0,0
p0382,ENVIGADO,05266,CANCHA LA MERCED,0,CALLE 40 E SUR No 40 -30,-75.5912605,6.1647628,verde,1,1028,1677,61.3,6,164,204,0,0,0,268,0,0,1028,0,0,0,0
p0383,ENVIGADO,05266,CARCEL MUNICIPAL DE ENVIGADO,0,CRA 43 NO 38 SUR 35,-75.5883212575938,6.16956061700287,verde,1,15,30,50.0,1,5,0,1,0,0,7,0,0,15,0,0,0,0
p0384,ENVIGADO,05266,"CENTRO DE ENCUENTRO CIUDADANO
ARENALES",0,"PLACA POLIDEPORTIVA
ARENALES-VALLANO",-75.57956,6.13659,verde,1,68,94,72.34,1,8,5,0,0,0,13,0,0,68,0,0,0,0
p0385,ENVIGADO,05266,CENTRO GERONTOLOGICO ATARDESER,0,"TRANSVERSAL 34 A SUR No
33 A- 50",-75.583344,6.16932728,verde,1,1112,1939,57.35,9,154,273,0,0,0,384,0,0,1112,0,0,0,0
p0386,ENVIGADO,05266,COL CUMBRES,0,CRA 27B No 27D SUR-86,-75.57226,6.16898,verde,1,6914,9337,74.05,34,926,742,0,0,0,719,0,0,6914,0,0,0,0
p0387,ENVIGADO,05266,COL LA SALLE DE ENVIGADO,0,CLL 24 SUR NO 42B - 1,-75.5798858220152,6.18058737464317,verde,1,5875,8715,67.41,37,963,807,0,0,0,986,0,0,5875,0,0,0,0
p0388,ENVIGADO,05266,COL UNID EDUC SAN MARCOS,0,CLL 31A SUR NO 43A 92,-75.5864324453588,6.17635745397292,verde,1,7241,9854,73.48,37,924,682,0,0,0,956,0,0,7241,0,0,0,0
p0389,ENVIGADO,05266,COLEGIO BENEDITINO DE SANTA MARIA,0,CALLE 24 SUR No 39-36,-75.5768568999999,6.1790896,verde,1,1756,2323,75.59,8,219,181,0,0,0,162,0,0,1756,0,0,0,0
p0390,ENVIGADO,05266,COLEGIO COLOMBO BRITANICO,0,"TRANSVERSAL 29 SUR
DIAGONAL 32 B 97",-75.58398,6.17731,verde,1,1200,1995,60.15,8,184,301,0,0,0,300,0,0,1200,0,0,0,0
p0391,ENVIGADO,05266,"COLEGIO DE LA PRESENTACION DE
ENVIGADO",0,Calle 37 sur No 43 A 67,-75.589140639158,6.1708799876024,verde,1,478,792,60.35,3,86,70,0,0,0,158,0,0,478,0,0,0,0
p0392,ENVIGADO,05266,COLEGIO FRANCISCANO PALERMO DE SAN JOSE,0,CALLE 36 D SUR No 16 86 Km 3 LOMA DEL ESCOBERO,-75.5531221752749,6.16614268307392,verde,1,274,373,73.46,2,34,32,0,0,0,32,0,0,274,0,0,0,0
p0393,ENVIGADO,05266,COLEGIO GIMNASIO INTEGRAL SANTA ANA,0,"CARRERA 38 No 45 A SUR
102",-75.5907959854224,6.16120413932581,verde,1,202,324,62.35,2,37,52,0,0,0,31,0,0,202,0,0,0,0
p0394,ENVIGADO,05266,CTRO DE DESAR. INFANTIL CDI EL DORADO,0,"CALLE 40 B SUR No 37 - 50
parque el dorado",-75.58663,6.16481,verde,1,3020,4977,60.68,23,426,543,0,0,0,927,0,0,3020,0,0,0,0
p0395,ENVIGADO,05266,"CTRO DE ENCUENTRO CIUDADANO SAN
MARCOS",0,CRA 45 No 32B SUR-16,-75.58762,6.17606,verde,1,1429,2377,60.12,12,202,323,0,0,0,406,0,0,1429,0,0,0,0
p0396,ENVIGADO,05266,ESC FERNANDO GONZALEZ,0,CRA 40 No 38A SUR-8,-75.5862405896185,6.16759231420309,verde,1,5133,7393,69.43,36,785,421,0,0,0,972,0,0,5133,0,0,0,0
p0397,ENVIGADO,05266,ESCUELA PIO XII,0,CRA 31 No 38 SUR-51,-75.5815679208754,6.16540411730626,verde,1,3611,5388,67.02,30,454,412,0,0,0,840,0,0,3611,0,0,0,0
p0398,ENVIGADO,05266,I.E JOSE MANUEL RESTREPO VELEZ (JOMAR),0,CL 38 SUR NO 45A 87,-75.5913255657485,6.1715986077723,verde,1,2408,3306,72.84,20,205,200,0,0,0,444,0,0,2408,0,0,0,0
p0399,ENVIGADO,05266,I.E JOSE MIGUEL DE LA CALLE,0,"TRANSVERSAL 34 B SUR No
31E - 66",-75.5809997601638,6.17292365101162,verde,1,522,816,63.97,3,66,71,0,0,0,146,0,0,522,0,0,0,0
p0400,ENVIGADO,05266,I.E NORMAL SUPERIOR DE ENVIGADO,0,CALLE 37 SUR No 33 - 14,-75.581705,6.16696608,verde,1,6127,9025,67.89,37,883,609,0,0,0,1299,0,0,6127,0,0,0,0
p0401,ENVIGADO,05266,I.E SAN VICENTE ALTO DE LAS FLORES,0,CALLE 53 SUR No 39 -62.,-75.6014328284393,6.15449572906528,verde,1,356,559,63.69,2,59,40,0,0,0,96,0,0,356,0,0,0,0
p0402,ENVIGADO,05266,"IE ALEJANDRO VELEZ BARRIENTOS SD
ALCALA",0,CALLE 39 SUR No 45 C-09,-75.59241,6.17017,verde,1,1164,1906,61.07,7,186,253,0,0,0,280,0,0,1164,0,0,0,0
p0403,ENVIGADO,05266,IE COMERCIAL DE ENVIGADO,0,CLL 41 SUR No 24C-71,-75.584,6.15299999999999,verde,1,3546,5762,61.54,26,436,538,0,0,0,1150,0,0,3546,0,0,0,0
p0404,ENVIGADO,05266,IE DARIO DE BEDOUT,0,DIAG. 29 No 35D SUR -10,-75.57842,6.16792,verde,1,1784,3408,52.35,17,221,614,0,0,0,770,0,0,1784,0,0,0,0
p0405,ENVIGADO,05266,IE EL SALADO,0,CRA 25 No 39D SUR-30,-75.5769999999998,6.15299999999999,verde,1,2799,4384,63.85,20,372,384,0,0,0,752,0,0,2799,0,0,0,0
p0406,ENVIGADO,05266,IE LETICIA ARANGO DE AVENDAÑO,0,CLL 45 B SUR No 42C-09,-75.5943385842171,6.16385594183361,verde,1,2118,3592,58.96,17,260,512,0,0,0,679,0,0,2118,0,0,0,0
p0407,ENVIGADO,05266,IE MANUEL URIBE ANGEL (MUA),0,CRA 44 No 38SUR-15,-75.5898,6.1705,verde,1,4542,6981,65.06,33,689,524,0,0,0,1159,0,0,4542,0,0,0,0
p0408,ENVIGADO,05266,IE MARCELIANO VELEZ,0,CRA 43 No 33B SUR -43,-75.5863816509855,6.17261441118417,verde,1,5177,7376,70.19,35,743,401,0,0,0,997,0,0,5177,0,0,0,0
p0409,ENVIGADO,05266,IE MARIA PAUSSEPIN,0,CLL 34DD SUR No 28-24,-75.57711,6.17112,verde,1,1074,1988,54.02,10,145,298,0,0,0,449,0,0,1074,0,0,0,0
p0410,ENVIGADO,05266,INST UNIVERSITARIA ENVIGADO,0,CRA 27B No 39A SUR-57,-75.5799999999998,6.158,verde,1,6769,10678,63.39,43,1009,989,0,0,0,1758,0,0,6769,0,0,0,0
p0411,ENVIGADO,05266,LAS PALMAS CENTRO DE SALUD,0,"CENTRO DE SALUD VEREDA
LAS PALMAS",-75.5342825667894,6.15230415982315,verde,1,2119,2872,73.78,12,288,147,0,0,0,294,0,0,2119,0,0,0,0
p0412,ENVIGADO,05266,LICEO FRANCISCO RESTREPO MOLINA,0,CRA 41 No 35 SUR-70,-75.5853688716888,6.17058965865606,verde,1,5418,8573,63.2,40,796,730,0,0,0,1511,0,0,5418,0,0,0,0
p0413,ENVIGADO,05266,"PANTANILLO IE MARTIN EDUARDO RIOS
LLANOS",0,"CRA 2 No 20 SUR - 195
VEREDA PANTANILLO",-75.5010651999999,6.18846109999999,verde,1,221,388,56.96,2,67,32,0,0,0,63,0,0,221,0,0,0,0
p0414,ENVIGADO,05266,POLIDEPORTIVO SUR DE ENVIGADO,0,CRA 48 No 46SUR-150,-75.59996,6.16402,verde,1,4170,6529,63.87,26,622,610,0,0,0,1051,0,0,4170,0,0,0,0
p0415,ENVIGADO,05266,SD JHON F KENNEDY I.E LA PAZ,0,CALLE 40 H SUR NO 41 -61,-75.5911090469088,6.16561162632607,verde,1,4362,6380,68.37,28,545,469,0,0,0,940,0,0,4362,0,0,0,0
p0416,ENVIGADO,05266,SD PRINCIPAL I.E. LA PAZ,0,CLL 46SUR No 42-16,-75.5939608933047,6.16218443419337,verde,1,5264,7735,68.05,29,712,659,0,0,0,1037,0,0,5264,0,0,0,0
p0417,ENVIGADO,05266,TECNOLOGICO DE ARTES DEBORA ARANGO,0,CALLE 38 SUR No 44 - 120,-75.5909137782367,6.17167382060735,verde,1,3496,5352,65.32,31,427,429,0,0,0,942,0,0,3496,0,0,0,0
p0418,ENVIGADO,05266,UNIVERSIDAD EIA. SEDE ZUÑIGA,0,CALLE 25 SUR No 42 - 73,-75.5795612112199,6.17945692102938,verde,1,992,1515,65.48,5,169,159,0,0,0,188,0,0,992,0,0,0,0
p0419,ENVIGADO,05266,URB. MULTIFAMILIAR SEÑORIAL,0,CLL 48E SUR No 42C-54,-75.596719720167,6.1592073482893,verde,1,2966,4653,63.74,19,404,461,0,0,0,768,0,0,2966,0,0,0,0
p0448,GIRARDOTA,05308,COLEGIO JUAN BERNARDONE,0,CRA 14 No 7-49,-75.4461166887444,6.37611172264822,verde,1,3653,6551,55.76,33,699,511,0,0,0,1505,0,0,3653,0,0,0,0
p0449,GIRARDOTA,05308,COLEGIO NUESTRA SEÑORA DEL ROSARIO,0,CRA 14 No 08 - 5,-75.44386735,6.374868384,verde,1,3571,6689,53.39,33,635,527,0,0,0,1805,0,0,3571,0,0,0,0
p0450,GIRARDOTA,05308,ESCUELA MANGA ARRIBA,0,"ESCUELA MANGA ARRIBA
VEREDA MANGA ARRIBA",-75.44100275,6.35842122,verde,1,445,783,56.83,4,68,45,0,0,0,202,0,0,445,0,0,0,0
p0451,GIRARDOTA,05308,I.E. ATANASIO GIRARDOT,0,CRA 17 # 11 -51,-75.45006861,6.374868384,verde,1,2704,5199,52.01,29,450,355,0,0,0,1543,0,0,2704,0,0,0,0
p0452,GIRARDOTA,05308,I.E. EMILIANO GARCIA,0,CARRERA 16F No 9-63,-75.4484271,6.376121226,verde,1,2409,5049,47.71,30,315,618,0,0,0,1589,0,0,2409,0,0,0,0
p0453,GIRARDOTA,05308,I.E. NUESTRA SEÑORA DEL CARMEN,0,"I.E. NUESTRA SEÑORA DEL
CARMEN VEREDA ENCENILLOS",-75.4178475142892,6.37695209012083,verde,1,68,123,55.28,1,19,10,0,0,0,18,0,0,68,0,0,0,0
p0454,GIRARDOTA,05308,I.E.R. SAN DIEGO,0,VEREDA CABILDO,-75.42810132,6.389694371,verde,1,474,899,52.73,6,88,61,0,0,0,239,0,0,474,0,0,0,0
p0455,GIRARDOTA,05308,LICEO MANUEL JOSE SIERRA,0,"CARRERA 10 A NRO 10 D 12
SANTA ANA",-75.4468947688379,6.37082189068192,verde,1,321,716,44.83,3,52,99,0,0,0,237,0,0,321,0,0,0,0
p0456,GIRARDOTA,05308,NTRA. SRA. DE LA PRESENTACION,0,CL 7 #18 92,-75.4476749897003,6.38054577254413,verde,1,1978,3725,53.1,19,390,320,0,0,0,951,0,0,1978,0,0,0,0
p0457,GIRARDOTA,05308,PARROQUIA LA SAGRADA FAMILIA,0,VEREDA SAN ANDRES,-75.44005325,6.39921028499999,verde,1,458,1139,40.21,7,124,85,0,0,0,422,0,0,458,0,0,0,0
p0491,ITAGUI,05360,CARCEL DISTRITO NACIONAL,0,"Cra 70 No 23-10 Br. San
Francisco",-75.6435438760375,6.17093195200125,verde,1,30,68,44.12,1,4,5,0,0,0,27,0,0,30,0,0,0,0
p0492,ITAGUI,05360,CARCEL YARUMITO,0,CL 29 # 50 A -19,-75.6233818399998,6.162105385,verde,1,8,19,42.11,1,2,1,0,0,0,8,0,0,8,0,0,0,0
p0493,ITAGUI,05360,CASA DE LA MUJER,0,CRA 52D # 75 AA -221,-75.6288285266127,6.16186742920738,verde,1,194,343,56.56,2,33,53,0,0,0,59,0,0,194,0,0,0,0
p0494,ITAGUI,05360,CENTRAL MAYORISTA,0,"CL 85 # 48 - 01 BLOQUE
SIGLO XXI",-75.5897641524806,6.1893633970211,verde,1,522,873,59.79,3,48,55,0,0,0,231,0,0,522,0,0,0,0
p0495,ITAGUI,05360,COLEGIO EL ROSARIO,0,CLL 52 # 48 -12,-75.60752248,6.17116209799999,verde,1,4041,6501,62.16,31,573,421,0,0,0,1360,0,0,4041,0,0,0,0
p0496,ITAGUI,05360,I.E. ANTONIO JOSE DE SUCRE,0,CLL 37 # 42 - 10,-75.6160826699998,6.167600786,verde,1,5170,10293,50.23,54,710,1152,0,0,0,3089,0,0,5170,0,0,0,0
p0497,ITAGUI,05360,I.E. AVELINO SALDARRIAGA GAVIRIA,0,CLL 39 No 49-77,-75.6166995799999,6.168550124,verde,1,3278,6350,51.62,34,425,709,0,0,0,1847,0,0,3278,0,0,0,0
p0498,ITAGUI,05360,I.E. AVELINO SALDARRIAGA SEDE LA UNIÓN,0,CLL 44 # 55D - 19,-75.6162146599998,6.17412244999999,verde,1,2097,3735,56.14,18,295,287,0,0,0,976,0,0,2097,0,0,0,0
p0499,ITAGUI,05360,I.E. BENEDIKTA ZUR NIEDEN,0,"CL 80 # 57 - 16 SECTOR
LAURELES DEL SUR",-75.59885377,6.19165691799999,verde,1,2336,4459,52.39,18,302,540,0,0,0,1220,0,0,2336,0,0,0,0
p0500,ITAGUI,05360,I.E. CARLOS ENRIQUE CORTES,0,CL 63 # 54 B - 41,-75.60337685,6.18011179999999,verde,1,1109,2133,51.99,11,144,213,0,0,0,627,0,0,1109,0,0,0,0
p0501,ITAGUI,05360,I.E. CIUDAD ITAGÜÍ SEDE EL TABLAZO,0,CRA 55 A # 61 - 21,-75.6067338254543,6.17929338935758,verde,1,379,808,46.91,4,54,71,0,0,0,286,0,0,379,0,0,0,0
p0502,ITAGUI,05360,I.E. CONCEJO MUNICIPAL - SEDE BARILOCHE,0,CRA 64 # 25 - 01,-75.6437580866943,6.1682948137661,verde,1,564,1105,51.04,5,67,115,0,0,0,344,0,0,564,0,0,0,0
p0503,ITAGUI,05360,I.E. DIEGO ECHAVARRIA MISAS,0,KR 48 # 48 - 48,-75.610286593437,6.16965965701939,verde,1,4994,8238,60.62,38,841,570,0,0,0,1701,0,0,4994,0,0,0,0
p0504,ITAGUI,05360,I.E. EL ROSARIO,0,CLL. 47A # 59 - 37,-75.61307764,6.17848744399999,verde,1,1996,4001,49.89,22,311,278,0,0,0,1306,0,0,1996,0,0,0,0
p0505,ITAGUI,05360,I.E. ENRIQUE VELEZ ESCOBAR,0,KR 52C # 72 - 69,-75.59853823,6.18465752899999,verde,1,4286,6599,64.95,30,567,443,0,0,0,1223,0,0,4286,0,0,0,0
p0506,ITAGUI,05360,I.E. FELIPE DE RESTREPO,0,CLL 30 # 49 - 13,-75.62121014,6.16283584199999,verde,1,3858,6809,56.66,31,484,619,0,0,0,1751,0,0,3858,0,0,0,0
p0507,ITAGUI,05360,I.E. ISOLDA ECHAVARRIA,0,CLL 34A # 57 - 60,-75.6258834599999,6.167984788,verde,1,2941,5280,55.7,24,429,563,0,0,0,1249,0,0,2941,0,0,0,0
p0508,ITAGUI,05360,I.E. JOHN F. KENNEDY,0,CLL 31 # 50C - 30,-75.6241092,6.163613329,verde,1,4059,6809,59.61,32,532,577,0,0,0,1525,0,0,4059,0,0,0,0
p0509,ITAGUI,05360,I.E. JUAN N. CADAVID,0,KR 48 # 48 - 88,-75.60988677,6.169787462,verde,1,2387,4018,59.41,20,279,330,0,0,0,952,0,0,2387,0,0,0,0
p0510,ITAGUI,05360,I.E. LOMA LINDA,0,KR 59A # 64-10,-75.6087490699999,6.18233311499999,verde,1,3125,5765,54.21,27,421,544,0,0,0,1565,0,0,3125,0,0,0,0
p0511,ITAGUI,05360,I.E LOS GOMEZ,0,VEREDA LOS GOMEZ,-75.6089510999998,6.191848,verde,1,1571,3081,50.99,21,275,185,0,0,0,961,0,0,1571,0,0,0,0
p0512,ITAGUI,05360,I.E. LOS GOMEZ SEDE EL AJIZAL,0,VEREDA EL AJIZAL,-75.6018928715687,6.19556712422577,verde,1,189,437,43.25,3,27,24,0,0,0,178,0,0,189,0,0,0,0
p0513,ITAGUI,05360,I.E. LUIS CARLOS GALAN,0,CLL 39 No 64-61 VILLALIA,-75.6284346799998,6.17402012199999,verde,1,1243,2543,48.88,11,156,277,0,0,0,811,0,0,1243,0,0,0,0
p0514,ITAGUI,05360,I.E. MARCELIANA SALDARRIAGA,0,KR 52D # 71 - 23,-75.5994476099998,6.184283298,verde,1,5329,9318,57.19,39,678,827,0,0,0,2287,0,0,5329,0,0,0,0
p0515,ITAGUI,05360,I.E. MARIA JESUS MEJIA SEDE 2,0,KR 52D # 61 - 25,-75.6040162809958,6.17835152207944,verde,1,1903,3419,55.66,18,226,339,0,0,0,891,0,0,1903,0,0,0,0
p0516,ITAGUI,05360,I.E. MARIA JESUS MEJIA SEDE BACHILLERATO,0,CRA 47 # 51-44,-75.607145933641,6.1701545119463,verde,1,1575,3519,44.76,17,247,408,0,0,0,1230,0,0,1575,0,0,0,0
p0517,ITAGUI,05360,I.E. MARIA JOSEFA ESCOBAR,0,VEREDA EL PEDREGAL,-75.616943,6.18889499999999,verde,1,546,1315,41.52,7,102,102,0,0,0,539,0,0,546,0,0,0,0
p0518,ITAGUI,05360,I.E. ORESTES SINDICCE,0,Cll 76 No 49-24 SANTA MARIA,-75.5942139299999,6.18446899599999,verde,1,1609,2877,55.93,12,180,342,0,0,0,717,0,0,1609,0,0,0,0
p0519,ITAGUI,05360,I.E. PEDRO ESTRADA,0,KR 47 # 85 - 113,-75.5885068,6.19099335299999,verde,1,2677,4408,60.73,21,322,280,0,0,0,1032,0,0,2677,0,0,0,0
p0520,ITAGUI,05360,I.E. SAN JOSE,0,CRA 50A # 37B-60,-75.6185983045537,6.16885016122012,verde,1,338,694,48.7,3,57,65,0,0,0,224,0,0,338,0,0,0,0
p0521,ITAGUI,05360,I.E. SIMON BOLIVAR,0,CLL 65 # 46A - 95,-75.5989345099999,6.17943610699999,verde,1,4075,6876,59.26,29,536,657,0,0,0,1470,0,0,4075,0,0,0,0
p0522,ITAGUI,05360,"IE CIUDAD ITAGÜÍ-SD MARÍA BERNAL
MOLINA",0,KR 57A # 63 - 171,-75.6047890799999,6.181277943,verde,1,2356,3728,63.2,15,372,229,0,0,0,721,0,0,2356,0,0,0,0
p0523,ITAGUI,05360,"IE CONCEJO MUNICIPAL-SEDE SAN
FRANCISCO",0,KR 68 # 26 -24,-75.6418257999999,6.17066783499999,verde,1,3298,6033,54.67,27,491,485,0,0,0,1624,0,0,3298,0,0,0,0
p0524,ITAGUI,05360,PLACA POLIDEPORTIVA LA UNIÓN,0,CL 44 # 55C -19,-75.6162021560495,6.17420988416918,amarillo,2,41,128,32.03,1,20,8,0,0,0,54,0,0,41,0,0,0,0
p0525,ITAGUI,05360,"PLACA POLIDEPORTIVA SANTA MARIA LA
NUEVA",0,CL 38 # 55-01,-75.618574715041,6.17193813627959,verde,1,119,209,56.94,1,16,22,0,0,0,51,0,0,119,0,0,0,0
p0526,ITAGUI,05360,POLIDEPORTIVO MUNICIPAL,0,CRA 46 No 53 - 60,-75.6048913432093,6.16964301644216,verde,1,3377,4911,68.76,17,290,217,0,0,0,915,0,0,3377,0,0,0,0
p0527,ITAGUI,05360,SD 2 I.E. ESTEBAN OCHOA,0,CRA 67 # 28-108,-75.6368046880794,6.17221753751404,verde,1,608,1311,46.38,5,83,145,0,0,0,436,0,0,608,0,0,0,0
p0528,ITAGUI,05360,SD ARNULFO FLOREZ IE ENRIQUE VELEZ E.,0,KR 52D # 83 - 63,-75.59334889,6.191383654,verde,1,4787,7334,65.27,32,634,502,0,0,0,1288,0,0,4787,0,0,0,0
p0529,ITAGUI,05360,SD PRINCIPAL I.E. ESTEBAN OCHOA,0,KR 68 # 36 - 75,-75.63282003,6.17466649699999,verde,1,3081,5318,57.94,25,379,444,0,0,0,1318,0,0,3081,0,0,0,0
p0530,ITAGUI,05360,"SD PROVIDENCIA IE ENRIQUE VELEZ
ESCOBAR",0,CL 77B # 52A-46,-75.5948416798842,6.18609791088994,verde,1,366,653,56.05,3,52,76,0,0,0,149,0,0,366,0,0,0,0
p0531,ITAGUI,05360,"SEDE JUNTA DE ACCION COMUNAL LA
FINQUITA",0,CRA 56A # 28A-35,-75.6264407327848,6.16185309775636,verde,1,773,1255,61.59,5,86,104,0,0,0,269,0,0,773,0,0,0,0
p0532,ITAGUI,05360,"SEDE JUNTA DE ACCION COMUNAL LA
UNIÓN",0,CL 44 # 55 B -15,-75.6159871333894,6.17386439251423,verde,1,279,616,45.29,3,35,48,0,0,0,236,0,0,279,0,0,0,0
p0533,ITAGUI,05360,UNIVERSIDAD IDEAS,0,KR 46 # 51-41,-75.6072505909958,6.16954595634314,verde,1,3142,4595,68.38,16,371,305,0,0,0,714,0,0,3142,0,0,0,0
p0566,LA ESTRELLA,05380,AULA AMBIENTAL,0,CALLE 77 SUR No. 52D-120,-75.6437995423278,6.15970999999999,verde,1,322,604,53.31,3,52,75,0,0,0,150,0,0,322,0,0,0,0
p0567,LA ESTRELLA,05380,CARCEL MUNICIPAL LA ESTRELLA,0,CARRERA 55 No. 87 SUR 56,-75.6341743469236,6.13918936896937,verde,1,12,30,40.0,1,6,2,0,0,0,9,0,0,12,0,0,0,0
p0568,LA ESTRELLA,05380,CASA PARA LA EDUCACION,0,CRA 61 # 83 A SUR 52,-75.6363611099998,6.162858628,verde,1,1999,3328,60.07,16,461,250,0,0,0,571,0,0,1999,0,0,0,0
p0569,LA ESTRELLA,05380,COL. DIVINO SALVADOR,0,"CARRERA 54 No. 75 AA SUR
31",-75.6368322999998,6.16273089999999,verde,1,2954,4885,60.47,21,453,500,0,0,0,934,0,0,2954,0,0,0,0
p0570,LA ESTRELLA,05380,I.E. ANA EVA ESCOBAR SEDE BACHILLERATO,0,CALLE 95 SUR No. 55-31,-75.64060870001,6.1380486,verde,1,930,1687,55.13,9,174,95,0,0,0,427,0,0,930,0,0,0,0
p0571,LA ESTRELLA,05380,I.E. BAM SEDE JAIME ARANGO VELASQUEZ,0,CARRERA 63 No. 77 sur 83,-75.6428877299998,6.158525391,verde,1,2077,3325,62.47,16,387,181,0,0,0,632,0,0,2077,0,0,0,0
p0572,LA ESTRELLA,05380,I.E. CONCEJO MUNICIPAL,0,CALLE 87 SUR No. 55-270,-75.638647,6.151564,verde,1,2472,4964,49.8,28,379,566,0,0,0,1461,0,0,2472,0,0,0,0
p0573,LA ESTRELLA,05380,I.E. JOSE ANTONIO GALAN,0,CALLE 100 B SUR No. 50-181,-75.6341743469236,6.118707,verde,1,453,999,45.35,5,85,69,0,0,0,366,0,0,453,0,0,0,0
p0574,LA ESTRELLA,05380,"INST. MPAL DE DEPORTES ""INDERE""",0,CRA 60 No 83 A SUR 092,-75.6435710114135,6.15552595051333,verde,1,2570,4632,55.48,22,511,379,0,0,0,1113,0,0,2570,0,0,0,0
p0575,LA ESTRELLA,05380,SD INMACULADA FE Y ALEGRIA I.E. JAGA,0,CALLE 96 B SUR No 51-03,-75.636749267578,6.13918936896939,verde,1,1585,3609,43.92,19,281,414,0,0,0,1233,0,0,1585,0,0,0,0
p0576,LA ESTRELLA,05380,SD MANUELA BELTRAN I.E. BAM,0,CARRERA 60 # 82 SUR 07,-75.643821,6.156363,verde,1,1023,1981,51.64,8,171,256,0,0,0,503,0,0,1023,0,0,0,0
p0577,LA ESTRELLA,05380,SD RAFAEL POMBO I.E. BAM,0,CARRERA 60 No. 79 SUR 29,-75.642814,6.158642,verde,1,3312,5637,58.75,22,591,455,0,0,0,1211,0,0,3312,0,0,0,0
p0578,LA ESTRELLA,05380,SD TULIO OSPINA I.E. JAGA,0,CALLE 100 C SUR No. 48C-18,-75.63688856,6.11852808999999,verde,1,2870,5583,51.41,27,560,358,0,0,0,1659,0,0,2870,0,0,0,0
p0600,MEDELLIN,05001,ALCALDIA MUNICIPAL (SOTANO),10,CL 44 # 52-165,-75.573693258162,6.24481434144119,verde,1,4437,7746,57.28,40,807,468,0,0,0,1909,0,0,4437,0,0,0,0
p0601,MEDELLIN,05001,C.E. JUAN ANDRES PATIÑO,90,"CORREGIMIENTO SANTA
ELENA",-75.4799755784379,6.23197894711261,verde,1,205,425,48.24,2,40,44,0,0,0,134,0,0,205,0,0,0,0
p0602,MEDELLIN,05001,C.E. MARIA PAULINA TABORDA,70,"CLL 34 AB 126B 301 - VDA
TRAVESIAS EL CORAZON",-75.6362051146259,6.24788932345022,verde,1,109,212,51.42,1,22,17,0,0,0,60,0,0,109,0,0,0,0
p0603,MEDELLIN,05001,C.E. MEDIA LUNA,90,"CORREGIMIENTO SANTA
ELENA",-75.5176584479491,6.23837955350542,verde,1,100,162,61.73,1,15,11,0,0,0,35,0,0,100,0,0,0,0
p0604,MEDELLIN,05001,C4TA CIUDADELA,12,CL 42C 95 51,-75.6137856228027,6.25347088063649,verde,1,1044,2118,49.29,9,156,247,0,0,0,649,0,0,1044,0,0,0,0
p0605,MEDELLIN,05001,CASA DE GOBIERNO SANTA ELENA,90,"CORREGIMIENTO SANTA
ELENA",-75.4976222479098,6.20956799172564,verde,1,1255,2256,55.63,9,327,158,0,0,0,477,0,0,1255,0,0,0,0
p0606,MEDELLIN,05001,CENTRO CARLOS LLERAS RESTREPO,00,CALLE 65C No. 94C-80,-75.6025791697869,6.28525133385359,verde,1,46,103,44.66,2,10,3,0,0,0,40,0,0,46,0,0,0,0
p0607,MEDELLIN,05001,CENTRO COMERCIAL SAN DIEGO,10,CL 34 # 43-66,-75.5692212578617,6.23510426136417,verde,1,6737,9977,67.53,39,1174,635,0,0,0,1360,0,0,6737,0,0,0,0
p0608,MEDELLIN,05001,CENTRO DE DESARROLLO SOCIAL (CDS),80,CRA 79 No 40 SUR - 40,-75.6558790664324,6.18540887478528,verde,1,2344,4839,48.44,20,371,427,0,0,0,1564,0,0,2344,0,0,0,0
p0609,MEDELLIN,05001,CENTRO EDUCATIVO EL MANZANILLO,70,"CLL 5A SUR No 89A - 11
VEREDA MANZANILLO",-75.6141764090668,6.20670567399244,verde,1,553,851,64.98,4,76,62,0,0,0,146,0,0,553,0,0,0,0
p0610,MEDELLIN,05001,COL AGUSTINIANO DE SAN NICOLAS,04,KR 48 # 93-13,-75.5555363267569,6.28476235428265,verde,1,4753,8223,57.8,36,787,677,0,0,0,1864,0,0,4753,0,0,0,0
p0611,MEDELLIN,05001,"COL. CALASANZ (FEM) CAMPESTRE
ESCOLAPIAS",11,CL 55 76A 71 (COLISEO),-75.5906139763586,6.26563225234426,verde,1,5446,8660,62.89,30,742,1027,0,0,0,1385,0,0,5446,0,0,0,0
p0612,MEDELLIN,05001,"COL DE LA COMPAÑIA DE MARIA LA
ENSEÑANZA",14,CALLE 9 SUR No 37-345,-75.5743729977304,6.19493669066274,verde,1,5309,6676,79.52,23,898,206,0,0,0,247,0,0,5309,0,0,0,0
p0613,MEDELLIN,05001,COL LA INMACULADA,16,CRA 76 No 12-57,-75.5986170489363,6.22114232016575,verde,1,5510,8462,65.11,29,662,987,0,0,0,1253,0,0,5510,0,0,0,0
p0614,MEDELLIN,05001,COL.MARYMOUNT,14,CALLE 7 No. 25-64,-75.5561721213073,6.20558968158804,verde,1,9394,11853,79.25,38,1428,594,0,0,0,410,0,0,9394,0,0,0,0
p0615,MEDELLIN,05001,COL MAYOR DE ANTIOQUIA,07,CRA 78 No 65-46,-75.5920186302599,6.27323894659604,verde,1,1672,4059,41.19,16,286,648,0,0,0,1418,0,0,1672,0,0,0,0
p0616,MEDELLIN,05001,COL. SAN IGNACIO DE LOYOLA - SD INFANTIL,11,CALLE 47D No. 75-83,-75.5929611947273,6.25433416671941,verde,1,2264,3954,57.26,14,354,465,0,0,0,838,0,0,2264,0,0,0,0
p0617,MEDELLIN,05001,"COL. SAN IGNACIO DE LOYOLA - SD
MAYORES",11,CLL 48 No 68-98,-75.5866542352741,6.25406253075718,verde,1,1596,2848,56.04,11,246,337,0,0,0,641,0,0,1596,0,0,0,0
p0618,MEDELLIN,05001,COL. SAN JOSE DE LAS VEGAS,14,CRA 48 No 7SUR-52,-75.5767581640926,6.19862085360708,verde,1,6507,9316,69.85,31,1280,878,0,0,0,618,0,0,6507,0,0,0,0
p0619,MEDELLIN,05001,COL.SANTA MARIA DEL ROSARIO,14,CALLE 7B SUR No. 29C - 100,-75.5653559504971,6.19258264202586,verde,1,11266,14112,79.83,45,1613,583,0,0,0,595,0,0,11266,0,0,0,0
p0620,MEDELLIN,05001,COLEGIO BETHLEMITAS,11,TRANSVERSAL 36 No 72-93,-75.5954922143607,6.24080942519567,verde,1,4169,6201,67.23,21,693,579,0,0,0,710,0,0,4169,0,0,0,0
p0621,MEDELLIN,05001,COLEGIO CAMPESTRE MANZANARES,14,CARRERA 16 No 12 SUR 28,-75.5564793914334,6.18475823277591,verde,1,754,929,81.16,4,89,46,0,0,0,37,0,0,754,0,0,0,0
p0622,MEDELLIN,05001,COLEGIO EUCARISTICO,09,CRA 28 No 42-62,-75.5535961359991,6.23554294808686,verde,1,2748,5268,52.16,20,339,589,0,0,0,1517,0,0,2748,0,0,0,0
p0623,MEDELLIN,05001,COLEGIO LATINO,12,CRA 86 A # 34 - 64,-75.6034693949552,6.24905732630557,verde,1,3570,5124,69.67,21,538,301,0,0,0,690,0,0,3570,0,0,0,0
p0624,MEDELLIN,05001,COLEGIO PADRE MANYANET,16,CARRERA 84F No. 8 - 29,-75.6088453405816,6.21968464011102,verde,1,4084,6075,67.23,22,493,671,0,0,0,788,0,0,4084,0,0,0,0
p0625,MEDELLIN,05001,COLEGIO PINARES ALTOVERDE,14,CARRERA 35 No 9 SUR 160,-75.5705694075187,6.19110840611496,verde,1,901,1168,77.14,4,119,76,0,0,0,62,0,0,901,0,0,0,0
p0626,MEDELLIN,05001,COLEGIO SALESIANO EL SUFRAGIO,10,KR 39 # 54-31,-75.5580742206209,6.2482936948786,verde,1,5229,9161,57.08,37,899,627,0,0,0,2314,0,0,5229,0,0,0,0
p0627,MEDELLIN,05001,COLEGIO SAN JOSE DE LA SALLE,14,CALLE 9 No 10 337,-75.5468359925992,6.20403317611534,verde,1,671,861,77.93,3,82,59,0,0,0,45,0,0,671,0,0,0,0
p0628,MEDELLIN,05001,COLEGIO SAN JUAN BOSCO,16,CLL 28 No 73-01,-75.5940050841637,6.22924537457425,verde,1,1647,2763,59.61,10,219,350,0,0,0,532,0,0,1647,0,0,0,0
p0629,MEDELLIN,05001,COLEGIO SAN LUCAS,14,CLL 20 SUR No 25B-91,-75.56606314931,6.1812967397386,verde,1,4430,5640,78.55,18,654,301,0,0,0,240,0,0,4430,0,0,0,0
p0630,MEDELLIN,05001,COLISEO SANTA ELENA,90,"CORREGIMIENTO SANTA
ELENA",-75.4971001555855,6.21078407577089,verde,1,1548,3165,48.91,14,250,341,0,0,0,996,0,0,1548,0,0,0,0
p0631,MEDELLIN,05001,CORP. UNIVERSITARIA ADVENTISTA - UNAC,11,CRA 84 No 33AA-01,-75.6093520251819,6.24088499592828,verde,1,3539,5299,66.79,18,400,569,0,0,0,753,0,0,3539,0,0,0,0
p0632,MEDELLIN,05001,ESC NORMAL SUPERIOR ANTIOQUEÑA,09,KR 36A # 48-55,-75.5582033976252,6.24246257855172,verde,1,3688,6561,56.21,28,505,710,0,0,0,1585,0,0,3688,0,0,0,0
p0633,MEDELLIN,05001,"ESTABLECIMIENTO CARCELARIO PEDREGAL
MEDE",00,"KM 6 VIA AL MAR FINCA LA
TERES",-75.6281233601634,6.28353997207964,amarillo,2,15,50,30.0,1,3,2,0,0,0,29,0,0,15,0,0,0,0
p0634,MEDELLIN,05001,ESTADIO ATANASIO GIRARDOT,00,CL 48 # 73 - 10,-75.5901706528607,6.25678210820705,verde,1,10538,15792,66.73,60,1180,634,0,0,0,3068,0,0,10538,0,0,0,0
p0635,MEDELLIN,05001,I.E.ALCALDIA DE MEDELLIN,16,CL 2B NO 79-80,-75.603600615487,6.21262728414803,verde,1,4335,7224,60.01,32,571,517,0,0,0,1500,0,0,4335,0,0,0,0
p0636,MEDELLIN,05001,I.E. ALFONSO MORA NARANJO,04,KR 48A # 77-68,-75.5572176697897,6.27121854160862,verde,1,3526,6195,56.92,28,588,526,0,0,0,1457,0,0,3526,0,0,0,0
p0637,MEDELLIN,05001,I.E.ALFREDO COCK ARANGO,06,KR 72 # 99-55,-75.5734368827177,6.296449124083,verde,1,3523,6033,58.4,28,483,433,0,0,0,1453,0,0,3523,0,0,0,0
p0638,MEDELLIN,05001,I.E AMERICA,12,CALLE 34 EE No. 91-20,-75.6156878035024,6.24570929178178,verde,1,1509,2759,54.69,11,232,349,0,0,0,633,0,0,1509,0,0,0,0
p0639,MEDELLIN,05001,I.E. ASIA IGNACIANA,02,CL 122 # 51B-30,-75.5550337001775,6.30628839853411,verde,1,3651,7783,46.91,41,693,726,0,0,0,2510,0,0,3651,0,0,0,0
p0640,MEDELLIN,05001,I.E. BARRIO SANTA CRUZ,02,CL 103 # 43A - 45,-75.5504001736103,6.29240139148556,verde,1,2565,5617,45.66,32,342,547,0,0,0,2033,0,0,2565,0,0,0,0
p0641,MEDELLIN,05001,I.E.BENJAMIN HERRERA,15,CL 25 # 52-140,-75.579633590099,6.2264501477546,verde,1,3697,5904,62.62,23,494,541,0,0,0,1104,0,0,3697,0,0,0,0
p0642,MEDELLIN,05001,I.E. BLANQUIZAL,13,CR 92DD 57F 41,-75.6054544737888,6.27540740239359,amarillo,2,1510,3627,41.63,20,261,256,0,0,0,1514,0,0,1510,0,0,0,0
p0643,MEDELLIN,05001,I.E. CAMILO C. RESTREPO,15,Cra 65 D # 24-40,-75.5853828080026,6.22575298143614,verde,1,2778,4577,60.69,21,435,378,0,0,0,924,0,0,2778,0,0,0,0
p0644,MEDELLIN,05001,I.E.CAMILO MORA CARRASQUILLA,07,CALLE 62D # 94B-74,-75.6061662204284,6.27827924427197,verde,1,1090,2369,46.01,12,149,249,0,0,0,831,0,0,1090,0,0,0,0
p0645,MEDELLIN,05001,I.E. CAMPO VALDES,04,CL 83 # 47-33,-75.5558854217905,6.27565982985049,verde,1,3819,7574,50.42,35,506,798,0,0,0,2333,0,0,3819,0,0,0,0
p0646,MEDELLIN,05001,I.E. CAPILLA DEL ROSARIO,16,CALLE 6 SUR No. 79 - 195,-75.6019875088249,6.20515638623111,verde,1,2046,3585,57.07,13,274,441,0,0,0,781,0,0,2046,0,0,0,0
p0647,MEDELLIN,05001,I.E. CARLOS VIECO ORTIZ,13,CALLE 40 No. 105 - 36,-75.6199653017967,6.25541309019425,verde,1,1980,4142,47.8,19,272,467,0,0,0,1354,0,0,1980,0,0,0,0
p0648,MEDELLIN,05001,"I.E. CENTRO FORMATIVO DE ANTIOQUIA -
CEFA",10,CL 50 # 41-55,-75.5617822227897,6.24647090240853,verde,1,5518,10762,51.27,46,1060,843,0,0,0,3200,0,0,5518,0,0,0,0
p0649,MEDELLIN,05001,I.E. CIUDADELA LAS AMERICAS,06,CL 111 # 79-77,-75.5752581486219,6.30866201236336,verde,1,3711,7085,52.38,34,551,664,0,0,0,2038,0,0,3711,0,0,0,0
p0650,MEDELLIN,05001,I.E. CONCEJO DE MEDELLIN,12,KR 82 # 47A-65,-75.6005217063114,6.25827562029093,verde,1,7932,12291,64.54,47,1337,945,0,0,0,1933,0,0,7932,0,0,0,0
p0651,MEDELLIN,05001,I.E.CRISTO REY,15,CALLE 2 SUR No. 50D - 30,-75.581788797889,6.20528863323103,verde,1,4347,6569,66.17,28,611,501,0,0,0,1044,0,0,4347,0,0,0,0
p0652,MEDELLIN,05001,I.E. DEBORA ARANGO PEREZ,70,CL 18 103 160 ALTAVISTA,-75.6263357793434,6.22378516350669,verde,1,2546,5080,50.12,27,357,372,0,0,0,1656,0,0,2546,0,0,0,0
p0653,MEDELLIN,05001,I.E. DINAMARCA,05,Calle 91 No 65-119,-75.5729521270142,6.2825645007831,verde,1,1928,4142,46.55,18,249,487,0,0,0,1411,0,0,1928,0,0,0,0
p0654,MEDELLIN,05001,I.E. DOCE DE OCTUBRE,06,KR 77B # 103-05,-75.5768907220333,6.30294598950354,verde,1,2579,4368,59.04,19,508,288,0,0,0,894,0,0,2579,0,0,0,0
p0655,MEDELLIN,05001,I.E.EDUARDO SANTOS,13,CALLE 43 No. 120C - 77,-75.6289704108123,6.2587324791211,verde,1,1522,3197,47.61,15,240,295,0,0,0,1070,0,0,1522,0,0,0,0
p0656,MEDELLIN,05001,I.E. EL BOSQUE,04,Cra 58 # 85B 81,-75.5670925637368,6.2800006957105,amarillo,2,1009,2589,38.97,14,157,204,0,0,0,1174,0,0,1009,0,0,0,0
p0657,MEDELLIN,05001,I.E.EL CORAZON,13,CR 116 F 34A 131,-75.6298617903313,6.24734513133079,verde,1,981,2174,45.12,11,137,195,0,0,0,790,0,0,981,0,0,0,0
p0658,MEDELLIN,05001,I.E.EL DIAMANTE (SEDE BTO),07,CARRERA 87 No. 79-05,-75.588139141341,6.28602012752246,verde,1,2661,5643,47.16,26,293,700,0,0,0,1894,0,0,2661,0,0,0,0
p0659,MEDELLIN,05001,I.E. EL TRIUNFO SANTA TERESA,06,CL 104 D 82 GG 20,-75.5811799214672,6.30660471293869,verde,1,1040,2421,42.96,11,152,244,0,0,0,949,0,0,1040,0,0,0,0
p0660,MEDELLIN,05001,I.E. FATIMA NUTIBARA,16,CARRERA 65A No. 32B - 120,-75.5832441938044,6.23670918406363,verde,1,4930,7481,65.9,28,717,665,0,0,0,1100,0,0,4930,0,0,0,0
p0661,MEDELLIN,05001,I.E.FE Y ALEGRIA GRANIZAL,01,Cra 39A # 104-23,-75.5477471497581,6.29291370227182,amarillo,2,787,2240,35.13,15,108,180,0,0,0,1105,0,0,787,0,0,0,0
p0662,MEDELLIN,05001,I.E.FE Y ALEGRIA SAN JOSE,07,CALLE 86 # 92-60,-75.5902793783011,6.29120180505651,verde,1,1750,3767,46.46,17,257,370,0,0,0,1269,0,0,1750,0,0,0,0
p0663,MEDELLIN,05001,I.E.FEDERICO CARRASQUILLA,01,Cra 45 # 108-110,-75.549420306043,6.29862704240668,amarillo,2,990,2738,36.16,16,149,255,0,0,0,1269,0,0,990,0,0,0,0
p0664,MEDELLIN,05001,I.E.FRANCISCO ANTONIO ZEA,12,KR 82 # 35-40,-75.6039200039357,6.24378173719589,verde,1,2734,4241,64.47,15,334,507,0,0,0,637,0,0,2734,0,0,0,0
p0665,MEDELLIN,05001,I.E. FRANCISCO MIRANDA,04,KR 51C # 79-56,-75.5636009050477,6.27408025138281,verde,1,4237,7927,53.45,41,681,583,0,0,0,2240,0,0,4237,0,0,0,0
p0666,MEDELLIN,05001,I.E FUNDADORES,13,CR 101 47C 85,-75.6165769430638,6.25940741717377,verde,1,2393,3739,64.0,16,321,230,0,0,0,725,0,0,2393,0,0,0,0
p0667,MEDELLIN,05001,I.E. GABRIELA GOMEZ CARVAJAL,09,KR 32 # 34-06,-75.5598219397776,6.23149739939563,verde,1,3391,6557,51.72,28,482,613,0,0,0,1936,0,0,3391,0,0,0,0
p0668,MEDELLIN,05001,I.E. GILBERTO ALZATE AVENDAÑO,04,CL 92 # 51A-100,-75.5628083029766,6.28367002845757,verde,1,3550,6828,51.99,33,504,607,0,0,0,2044,0,0,3550,0,0,0,0
p0669,MEDELLIN,05001,I.E.GUADALUPANO LA SALLE,09,CALLE 49 No. 17 B 21,-75.5443172964534,6.23633730965703,verde,1,3858,7075,54.53,32,614,641,0,0,0,1830,0,0,3858,0,0,0,0
p0670,MEDELLIN,05001,I.E.GUADALUPE,01,Cra 42B 95A -23,-75.5499085739855,6.28682297719246,verde,1,1629,3662,44.48,25,251,349,0,0,0,1337,0,0,1629,0,0,0,0
p0671,MEDELLIN,05001,I.E. GUILLERMO VALENCIA,16,CALLE 23 No. 78 - 48,-75.5989446245302,6.2267596271706,verde,1,3564,5596,63.69,23,437,506,0,0,0,1029,0,0,3564,0,0,0,0
p0672,MEDELLIN,05001,I.E. HECTOR ABAD GOMEZ,10,CL 50 #39-65,-75.5604212243543,6.24582940681995,verde,1,3707,7265,51.03,31,653,542,0,0,0,2269,0,0,3707,0,0,0,0
p0673,MEDELLIN,05001,I.E. HERNAN TORO AGUDELO,03,Cra 45 # 72-80,-75.5548682029275,6.26817765365757,verde,1,4599,8679,52.99,39,747,853,0,0,0,2350,0,0,4599,0,0,0,0
p0674,MEDELLIN,05001,I.E HORACIO MUÑOZ SUESCUN,16,CL 32 # 86-35,-75.6094223250079,6.2343334765491,verde,1,3451,5298,65.14,23,469,431,0,0,0,907,0,0,3451,0,0,0,0
p0675,MEDELLIN,05001,I.E. INEM JOSE FELIX DE RESTREPO,14,CARRERA 48 No. 1 - 125,-75.5777566830058,6.20654323437735,verde,1,5810,8171,71.11,30,1120,602,0,0,0,598,0,0,5810,0,0,0,0
p0676,MEDELLIN,05001,I.E. JAVIERA LONDOÑO,10,CLL 53 No 40-65,-75.5600100695012,6.24863449498976,verde,1,1396,3036,45.98,12,199,322,0,0,0,1081,0,0,1396,0,0,0,0
p0677,MEDELLIN,05001,I.E. JAVIERA LONDOÑO SEVILLA,04,CL 71 # 51D-26,-75.5649638976718,6.26794787749851,amarillo,2,3159,7839,40.3,35,491,824,0,0,0,3234,0,0,3159,0,0,0,0
p0678,MEDELLIN,05001,I.E. JESUS MARIA VALLE,06,CLL 101 No 83-21,-75.5820951568354,6.30054828350321,verde,1,1556,3518,44.23,16,248,338,0,0,0,1319,0,0,1556,0,0,0,0
p0679,MEDELLIN,05001,I.E. JORGE ELIECER GAITAN,06,CALLE 92 # 83-41,-75.5851847365682,6.28997265894836,verde,1,1211,2512,48.21,11,200,247,0,0,0,805,0,0,1211,0,0,0,0
p0680,MEDELLIN,05001,I.E. JORGE ROBLEDO,07,CL 65 # 87-74,-75.5974749405571,6.27675611925286,verde,1,4221,7191,58.7,33,620,538,0,0,0,1699,0,0,4221,0,0,0,0
p0681,MEDELLIN,05001,I.E. JOSE ANTONIO GALAN,03,KR 44A NO 93-87,-75.5521425524952,6.28504968186149,verde,1,3654,6854,53.31,34,524,541,0,0,0,2013,0,0,3654,0,0,0,0
p0682,MEDELLIN,05001,I.E.JOSE CELESTINO MUTIS,08,CALLE 65 No. 45-15,-75.5568615978252,6.25888571928696,verde,1,2273,4189,54.26,16,285,413,0,0,0,1172,0,0,2273,0,0,0,0
p0683,MEDELLIN,05001,I.E. JOSE EUSEBIO CARO,04,CR 50 A 93 77,-75.5585851623709,6.28555632503728,verde,1,1192,2523,47.25,10,129,307,0,0,0,866,0,0,1192,0,0,0,0
p0684,MEDELLIN,05001,I.E.JOSE MARIA BERNAL,16,KR 70A # 13A-19,-75.5934982727008,6.22030265063591,verde,1,5369,8008,67.05,30,637,675,0,0,0,1260,0,0,5369,0,0,0,0
p0685,MEDELLIN,05001,I.E. JOSE MARIA BRAVO MARQUEZ,04,CL 70 # 47A-04,-75.5573440767611,6.2656262512123,verde,1,2501,4824,51.84,22,363,472,0,0,0,1408,0,0,2501,0,0,0,0
p0686,MEDELLIN,05001,I.E. JOSE MARIA ESPINOSA PRIETO - CASD,06,CLL 99 No 72-192,-75.5752072857517,6.29681933178432,verde,1,845,1910,44.24,9,93,248,0,0,0,692,0,0,845,0,0,0,0
p0687,MEDELLIN,05001,I.E. JUAN DE DIOS CARVAJAL,08,CL 65AA # 36-39,-75.5508542767538,6.25568271878971,verde,1,3532,5875,60.12,26,467,496,0,0,0,1312,0,0,3532,0,0,0,0
p0688,MEDELLIN,05001,I.E. JUAN DE LA CRUZ POSADA,08,CL 62 # 39-22,-75.5546442200843,6.25377381594736,verde,1,1928,3254,59.25,14,305,285,0,0,0,685,0,0,1928,0,0,0,0
p0689,MEDELLIN,05001,I.E.JUAN MARIA CESPEDES,16,CALLE 32B No. 76A - 48,-75.5968132374163,6.23538752096467,verde,1,7575,10798,70.15,42,1163,661,0,0,0,1322,0,0,7575,0,0,0,0
p0690,MEDELLIN,05001,I.E JUAN XXIII,13,CALLE 49 No 96A-11,-75.6104830760072,6.26166754596935,verde,1,1707,3666,46.56,18,209,389,0,0,0,1302,0,0,1707,0,0,0,0
p0691,MEDELLIN,05001,I.E. JULIO CESAR GARCIA,05,CL 111A # 65-26,-75.5641480180418,6.30670060077616,verde,1,4736,7572,62.55,30,624,647,0,0,0,1498,0,0,4736,0,0,0,0
p0692,MEDELLIN,05001,I.E. KENNEDY,06,CRA 76A No 92-200,-75.581574821758,6.29081850320449,verde,1,4096,6925,59.15,31,728,470,0,0,0,1502,0,0,4096,0,0,0,0
p0693,MEDELLIN,05001,I.E.LA ESPERANZA,06,CRA 73B No 96-09,-75.5772824523418,6.29293580740473,verde,1,1222,2546,48.0,11,158,257,0,0,0,845,0,0,1222,0,0,0,0
p0694,MEDELLIN,05001,I.E.LA INDEPENDENCIA,13,CALLE 39D No. 112 - 81,-75.6247248063216,6.25304005738178,verde,1,3943,7461,52.85,38,764,587,0,0,0,1983,0,0,3943,0,0,0,0
p0695,MEDELLIN,05001,I.E. LA MILAGROSA,09,KR 29 # 41-14,-75.5547939681333,6.23523297056735,verde,1,6690,11216,59.65,47,915,961,0,0,0,2514,0,0,6690,0,0,0,0
p0696,MEDELLIN,05001,I.E. LA PIEDAD,12,KR 81 NO 54 71,-75.5966513152959,6.26922882872936,verde,1,3225,5567,57.93,24,512,453,0,0,0,1285,0,0,3225,0,0,0,0
p0697,MEDELLIN,05001,I.E. LA SALLE DE CAMPOAMOR,15,CARRERA 65B No. 4 - 49,-75.5875289851241,6.21240316798126,verde,1,3570,5777,61.8,21,421,654,0,0,0,1066,0,0,3570,0,0,0,0
p0698,MEDELLIN,05001,I.E. LUCRECIO JARAMILLO VELEZ,11,KR 79 # 38-59,-75.5995303187069,6.24625779767075,verde,1,7601,10266,74.04,39,1200,540,0,0,0,848,0,0,7601,0,0,0,0
p0699,MEDELLIN,05001,I.E. LUIS CARLOS GALAN SARMIENTO,08,CRA 24B No 57EE-45,-75.5467260424952,6.25028624480438,amarillo,2,1187,3217,36.9,17,152,260,0,0,0,1542,0,0,1187,0,0,0,0
p0700,MEDELLIN,05001,I.E.MAESTRO FERNANDO BOTERO,06,CL 104 # 72A-80,-75.5720213589944,6.30148996475826,verde,1,3721,6432,57.85,28,551,565,0,0,0,1454,0,0,3721,0,0,0,0
p0701,MEDELLIN,05001,I.E. MANUEL J. BETANCUR,80,CRA 81 No 43 SUR - 38,-75.6574450672137,6.18357371538755,verde,1,4504,8704,51.75,40,533,780,0,0,0,2705,0,0,4504,0,0,0,0
p0702,MEDELLIN,05001,I.E. MANUEL JOSÉ CAYZEDO,09,CL 50 29 82,-75.5521812099727,6.24148474040795,verde,1,2817,5488,51.33,28,366,477,0,0,0,1745,0,0,2817,0,0,0,0
p0703,MEDELLIN,05001,I.E. MANUELA BELTRAN,03,KR 37 # 71-47,-75.548744891352,6.26624613151744,verde,1,2873,5039,57.02,25,627,347,0,0,0,1029,0,0,2873,0,0,0,0
p0704,MEDELLIN,05001,I.E. MARCO FIDEL SUAREZ,11,CR 70 49 70,-75.5860482337413,6.25769134682662,verde,1,3899,6354,61.36,27,622,535,0,0,0,1237,0,0,3899,0,0,0,0
p0705,MEDELLIN,05001,I.E. MARIA MONTESSORI,05,KR 69A # 92C-87,-75.5750186974111,6.28689479287319,verde,1,4979,9128,54.55,38,777,825,0,0,0,2385,0,0,4979,0,0,0,0
p0706,MEDELLIN,05001,I.E.MARISCAL ROBLEDO,07,CALLE 65 # 84-87,-75.5958987641504,6.27532207286232,verde,1,1924,3766,51.09,20,239,375,0,0,0,1172,0,0,1924,0,0,0,0
p0707,MEDELLIN,05001,I.E. MATER DEI,11,KR 68 # 42-70,-75.5860753752496,6.24747503637671,verde,1,4675,6706,69.71,26,748,466,0,0,0,777,0,0,4675,0,0,0,0
p0708,MEDELLIN,05001,"I.E. MONSEÑOR FRANCISCO CRISTOBAL
TORO",04,Cra 50D # 90-49,-75.5603767127427,6.2823284600121,verde,1,3688,6529,56.49,30,550,556,0,0,0,1614,0,0,3688,0,0,0,0
p0709,MEDELLIN,05001,"I.E. MONTECARLO GUILLERMO GAVIRIA
CORREA",03,CARRERA 36 # 85 B 140,-75.5461153905296,6.27833640743124,verde,1,4079,8617,47.34,44,801,724,0,0,0,2790,0,0,4079,0,0,0,0
p0710,MEDELLIN,05001,I.E. NUEVO HORIZONTE - PAULO VI,01,KR 42B # 110 A 28,-75.5462122714294,6.2987706100036,verde,1,2011,3754,53.57,29,340,238,0,0,0,1034,0,0,2011,0,0,0,0
p0711,MEDELLIN,05001,I.E. OCTAVIO HARRY - JACQUELINE KENNEDY,16,CL 17 # 73-37,-75.5958344784501,6.22234766421873,verde,1,3690,5446,67.76,20,443,456,0,0,0,821,0,0,3690,0,0,0,0
p0712,MEDELLIN,05001,"I.E. PBRO ANTONIO JOSE BERNAL LONDOÑO
SJ",05,CL 105A # 63A-200,-75.5593288501883,6.30165634274362,verde,1,3564,6888,51.74,39,399,739,0,0,0,2059,0,0,3564,0,0,0,0
p0713,MEDELLIN,05001,I.E. PRESBITERO JUAN J. ESCOBAR,60,CLL 62 No 128-120,-75.6345658907119,6.27830527287513,verde,1,1866,3738,49.92,16,235,316,0,0,0,1241,0,0,1866,0,0,0,0
p0714,MEDELLIN,05001,I.E. PROGRESAR,06,KR 83A # 106 D 5,-75.5806119376322,6.30867001761418,verde,1,2185,3976,54.95,21,370,275,0,0,0,1034,0,0,2185,0,0,0,0
p0715,MEDELLIN,05001,I.E.RAMON GIRALDO CEBALLOS,16,CL 21 NO 82A 56,-75.6045128697098,6.22648377856429,verde,1,4721,7208,65.5,30,657,503,0,0,0,1229,0,0,4721,0,0,0,0
p0716,MEDELLIN,05001,I.E.RAMON MUNERA LOPERA,03,Cra 30A # 77 - 04,-75.5435104396701,6.2697246631395,amarillo,2,1360,3813,35.67,19,254,280,0,0,0,1813,0,0,1360,0,0,0,0
p0717,MEDELLIN,05001,I.E. REPUBLICA DE HONDURAS,02,KR 50B # 97A-30,-75.5595224554281,6.2907863103933,verde,1,2823,5843,48.31,27,384,474,0,0,0,2027,0,0,2823,0,0,0,0
p0718,MEDELLIN,05001,I.E. REPUBLICA DE URUGUAY,05,CL 91A No 70A-123,-75.5769027005561,6.28378846218399,verde,1,4600,7973,57.69,35,683,640,0,0,0,1910,0,0,4600,0,0,0,0
p0719,MEDELLIN,05001,I.E.REPUBLICA DE VENEZUELA,16,CL 31C 89C 92,-75.6145057278013,6.23476930321355,verde,1,2732,4345,62.88,20,357,327,0,0,0,836,0,0,2732,0,0,0,0
p0720,MEDELLIN,05001,I.E. SAN FRANCISCO DE ASIS,08,CL 56 # 16-18,-75.5395474834545,6.23857340772382,verde,1,2004,4408,45.46,24,316,319,0,0,0,1640,0,0,2004,0,0,0,0
p0721,MEDELLIN,05001,I.E.SAN JUAN BOSCO,04,CALLE 82 # 50C-10,-75.5611061968305,6.27587629643252,verde,1,1195,2426,49.26,10,167,258,0,0,0,770,0,0,1195,0,0,0,0
p0722,MEDELLIN,05001,I. E. SAN ROBERTO BELARMINO,16,CALLE 32B No. 83 - 39,-75.6061813981858,6.2356345876531,verde,1,2064,3781,54.59,15,242,502,0,0,0,937,0,0,2064,0,0,0,0
p0723,MEDELLIN,05001,I.E. SAN VICENTE DE PAUL,07,KR 71A # 79D-01,-75.5788320327111,6.27897790558016,verde,1,3949,6599,59.84,28,580,597,0,0,0,1400,0,0,3949,0,0,0,0
p0724,MEDELLIN,05001,I.E. SANTA JUANA DE LESTONNAC,06,CRA 76A No 103C-43,-75.5754075677719,6.30252233897,verde,1,2183,4951,44.09,23,261,677,0,0,0,1756,0,0,2183,0,0,0,0
p0725,MEDELLIN,05001,I.E.SANTA ROSA DE LIMA,12,CALLE 45G No. 80-95,-75.5994828222659,6.25559563678819,verde,1,2854,5304,53.81,19,409,670,0,0,0,1320,0,0,2854,0,0,0,0
p0726,MEDELLIN,05001,I.E.SEBASTIAN DE BELALCAZAR,05,CALLE 103EE # 63D-185,-75.5654747044515,6.29857330416552,verde,1,1082,2072,52.22,9,118,174,0,0,0,660,0,0,1082,0,0,0,0
p0727,MEDELLIN,05001,I.E.SOL DE ORIENTE,08,CARRERA 23 No. 56EH - 200,-75.5407350999079,6.2448895900847,amarillo,2,621,1672,37.14,10,105,121,0,0,0,788,0,0,621,0,0,0,0
p0728,MEDELLIN,05001,I.E.STELLA VELEZ LONDOÑO,13,CALLE 48DD No. 99D-118,-75.6160129157522,6.26828953067779,verde,1,581,1351,43.01,7,105,122,0,0,0,509,0,0,581,0,0,0,0
p0729,MEDELLIN,05001,I.E. TULIO OSPINA,10,CL 60 51 48,-75.5661647546528,6.25913818687928,verde,1,2967,5293,56.06,28,571,311,0,0,0,1355,0,0,2967,0,0,0,0
p0730,MEDELLIN,05001,I.E. VILLA DE LA CANDELARIA,07,CALLE 77A # 90D-35,-75.5937074592012,6.28497087100706,verde,1,3713,6624,56.05,32,546,551,0,0,0,1655,0,0,3713,0,0,0,0
p0731,MEDELLIN,05001,I.T.M. (CAMPUS FRATERNIDAD),08,CALLE 54A No. 30-01,-75.551051486743,6.24533992689748,amarillo,2,1012,2461,41.12,11,130,267,0,0,0,1017,0,0,1012,0,0,0,0
p0732,MEDELLIN,05001,I.T.M. (PRADO CENTRO),10,CRA 51 No 58-69,-75.5661269265486,6.25765603902853,verde,1,998,2322,42.98,10,173,220,0,0,0,897,0,0,998,0,0,0,0
p0733,MEDELLIN,05001,IE ALFONSO UPEGUI OROZCO,60,CALLE 64B No 117 177,-75.6104936303419,6.28749804986136,verde,1,1567,2777,56.43,10,178,238,0,0,0,757,0,0,1567,0,0,0,0
p0734,MEDELLIN,05001,IE ANGELA RESTREPO MORENO,80,CARRERA 55 No 48C SUR 90,-75.6373000185545,6.17760376812157,verde,1,899,2171,41.41,9,118,250,0,0,0,861,0,0,899,0,0,0,0
p0735,MEDELLIN,05001,IE ANTONIO DERKA,01,CRA 28 No 107-425,-75.5390890085351,6.29717237453504,amarillo,2,911,2855,31.91,21,142,212,0,0,0,1515,0,0,911,0,0,0,0
p0736,MEDELLIN,05001,IE ANTONIO RICAURTE,16,CRA 80 No 2-11,-75.6031486395551,6.21132757464716,verde,1,2196,4307,50.99,17,261,505,0,0,0,1272,0,0,2196,0,0,0,0
p0737,MEDELLIN,05001,IE ARZOBISPO TULIO BOTERO SALAZAR,09,CLL 49A No 03A - 006,-75.5324075033174,6.22995926801674,verde,1,817,1949,41.92,9,115,163,0,0,0,811,0,0,817,0,0,0,0
p0738,MEDELLIN,05001,IE AURES,07,CRA 96A No 77E-15,-75.5965264135842,6.29020770870989,verde,1,1429,3323,43.0,16,187,306,0,0,0,1330,0,0,1429,0,0,0,0
p0739,MEDELLIN,05001,IE BARRIO OLAYA HERRERA,07,CRA 101C No 58-44,-75.6098868114957,6.27415392016368,amarillo,2,419,1151,36.4,8,82,106,0,0,0,505,0,0,419,0,0,0,0
p0740,MEDELLIN,05001,IE BELLO ORIENTE,03,CRA 23B No 84B-27,-75.5380888046019,6.27697368609386,amarillo,2,378,1021,37.02,8,68,54,0,0,0,478,0,0,378,0,0,0,0
p0741,MEDELLIN,05001,IE DIEGO ECHAVARRIA MISAS,05,CALLE 111 No 70 68,-75.5691390153103,6.30827724713486,verde,1,4615,7799,59.17,32,582,716,0,0,0,1783,0,0,4615,0,0,0,0
p0742,MEDELLIN,05001,IE ESC NORMAL SUPERIOR DE MEDELLIN,08,CRA 34 No 65 - 02,-75.5487256699892,6.2540472460294,verde,1,882,1920,45.94,9,86,205,0,0,0,724,0,0,882,0,0,0,0
p0743,MEDELLIN,05001,IE FE Y ALEGRIA EL LIMONAR,80,CL 55 SUR No 60 A-13 SAN ANTONIO DE PRADO,-75.6420677322165,6.17466597521106,verde,1,2302,5308,43.37,26,378,459,0,0,0,2031,0,0,2302,0,0,0,0
p0744,MEDELLIN,05001,IE FE Y ALEGRIA LUIS AMIGO MORAVIA,04,CARRERA 58 No 84 40,-75.5664174750535,6.27912086657518,amarillo,2,603,1537,39.23,8,87,109,0,0,0,698,0,0,603,0,0,0,0
p0745,MEDELLIN,05001,IE FEDERICO OZANAM,09,CRA.36 No 45 - 08,-75.5584159114727,6.24048941697571,verde,1,4613,7679,60.07,34,641,667,0,0,0,1664,0,0,4613,0,0,0,0
p0746,MEDELLIN,05001,IE FELIX DE BEDOUT MORENO,05,CLL 108 No 70-39,-75.5694177578519,6.30611590349176,verde,1,1654,3116,53.08,12,174,392,0,0,0,862,0,0,1654,0,0,0,0
p0747,MEDELLIN,05001,IE FELIX HENAO BOTERO,08,CLL 52 No 23-51,-75.5466627764279,6.24091294655442,verde,1,2414,4942,48.85,24,398,409,0,0,0,1614,0,0,2414,0,0,0,0
p0748,MEDELLIN,05001,IE GABRIEL GARCIA MARQUEZ,08,CRA 8A No. 57A - 93,-75.5334414025586,6.23665323672125,amarillo,2,300,759,39.53,4,37,53,0,0,0,348,0,0,300,0,0,0,0
p0749,MEDELLIN,05001,IE HECTOR ROGELIO MONTOYA,50,CLL 20 No 32-60,-75.688248605825,6.34336020428622,verde,1,914,1579,57.88,8,175,93,0,0,0,339,0,0,914,0,0,0,0
p0750,MEDELLIN,05001,IE JESUS REY,07,CRA 88 No 77A-11,-75.5921685363698,6.28333392006294,verde,1,2263,4625,48.93,19,262,556,0,0,0,1498,0,0,2263,0,0,0,0
p0751,MEDELLIN,05001,IE JOSE ROBERTO VASQUEZ,03,CLL 76 No 39-160,-75.5501290389965,6.26865596034991,amarillo,2,878,2194,40.02,11,94,268,0,0,0,915,0,0,878,0,0,0,0
p0752,MEDELLIN,05001,IE LA AVANZADA,01,CRA 27 No 106BB-65,-75.5391284619583,6.29436880187274,amarillo,2,326,946,34.46,7,93,66,0,0,0,425,0,0,326,0,0,0,0
p0753,MEDELLIN,05001,IE LAS NIEVES,03,CLL 82 No 39 - 69,-75.5491439774032,6.27357067226893,verde,1,3479,7348,47.35,35,508,660,0,0,0,2495,0,0,3479,0,0,0,0
p0754,MEDELLIN,05001,IE LOLA GONZALEZ,12,CLL 47F No 94-63,-75.6115481841428,6.25726558343568,verde,1,2376,4390,54.12,16,288,571,0,0,0,1110,0,0,2376,0,0,0,0
p0755,MEDELLIN,05001,IE LOMA HERMOSA,60,CRA 123B No 53B-05,-75.6296731872888,6.27051991061553,verde,1,899,2025,44.4,9,191,179,0,0,0,699,0,0,899,0,0,0,0
p0756,MEDELLIN,05001,IE LORENZA VILLEGAS DE SANTOS,04,CRA 51 No 87 - 40,-75.560930831415,6.28036726498752,verde,1,1200,2530,47.43,10,143,268,0,0,0,892,0,0,1200,0,0,0,0
p0757,MEDELLIN,05001,IE LUSITANIA,60,CRA 109A No 63B-320,-75.6181552722993,6.27915442365875,verde,1,3009,7101,42.37,31,532,579,0,0,0,2803,0,0,3009,0,0,0,0
p0758,MEDELLIN,05001,IE MADRE LAURA,09,CLL 45 No 22A - 81,-75.5508062451402,6.23531574500706,verde,1,1297,2599,49.9,11,169,307,0,0,0,795,0,0,1297,0,0,0,0
p0759,MEDELLIN,05001,IE MARIA DE LOS ANGELES CANO MARQUEZ,01,CR 36B 102C 54,-75.5445017815333,6.2922813542767,verde,1,1862,4412,42.2,25,292,397,0,0,0,1710,0,0,1862,0,0,0,0
p0760,MEDELLIN,05001,IE MERCEDITAS GOMEZ MARTINEZ,09,CL 45 # 18-03,-75.5467129711514,6.23371217333763,verde,1,3571,6906,51.71,29,532,661,0,0,0,2030,0,0,3571,0,0,0,0
p0761,MEDELLIN,05001,IE MON GERARDO VALENCIA CANO,07,CL 65 # 74 B - 273,-75.5877162141305,6.26911660077704,verde,1,2027,3771,53.75,15,329,422,0,0,0,950,0,0,2027,0,0,0,0
p0762,MEDELLIN,05001,IE MONSEÑOR VICTOR WIEDEMANN,80,DIAG 60E No. 41A SUR - 30,-75.6420972100068,6.18398125719504,verde,1,2168,4451,48.71,17,264,517,0,0,0,1431,0,0,2168,0,0,0,0
p0763,MEDELLIN,05001,IE PEDRO OCTAVIO AMADO,16,CR 88A 18A 5,-75.6105420549098,6.22207649085063,verde,1,645,1248,51.68,6,68,98,0,0,0,409,0,0,645,0,0,0,0
p0764,MEDELLIN,05001,"IE RODRIGO LARA BONILLA - SEDE LA
SUSANA",03,KR 41B # 66E-50,-75.5523536203906,6.26221079885131,verde,1,2272,4396,51.68,23,296,412,0,0,0,1336,0,0,2272,0,0,0,0
p0765,MEDELLIN,05001,IE SAN ANTONIO DE PRADO,80,CRA 79 No. 42 SUR - 39,-75.6561799169431,6.18432268297667,verde,1,5822,10153,57.34,45,951,785,0,0,0,2341,0,0,5822,0,0,0,0
p0766,MEDELLIN,05001,IE SAN CRISTOBAL,60,CRA 131 No 65-7,-75.6365748499903,6.28063201472805,verde,1,4084,7113,57.42,37,808,486,0,0,0,1573,0,0,4084,0,0,0,0
p0767,MEDELLIN,05001,IE SAN JUAN BAUTISTA DE LA SALLE,03,CLL 93 No 40-42,-75.5493012091244,6.2844137821233,amarillo,2,1163,2865,40.59,14,180,295,0,0,0,1184,0,0,1163,0,0,0,0
p0768,MEDELLIN,05001,IE YERMO Y PARRES,16,CALLE 28 No 77 84,-75.5977483642776,6.22925390449389,verde,1,678,1245,54.46,5,101,169,0,0,0,284,0,0,678,0,0,0,0
p0769,MEDELLIN,05001,INST.EDUC. LA CANDELARIA,01,CL 106 # 32-100,-75.5423206007391,6.29349116166773,verde,1,2929,6346,46.16,44,561,480,0,0,0,2157,0,0,2929,0,0,0,0
p0770,MEDELLIN,05001,INST. FERRINI - SD CALASANZ,12,CLL 51A No 81B - 33,-75.5986717881114,6.26511529115889,verde,1,3033,5564,54.51,20,400,722,0,0,0,1356,0,0,3033,0,0,0,0
p0771,MEDELLIN,05001,INST. SALESIANO PEDRO JUSTO BERRIO,16,CRA 87A 32A 101,-75.6112290401909,6.23679368772765,verde,1,784,1498,52.34,6,106,240,0,0,0,346,0,0,784,0,0,0,0
p0772,MEDELLIN,05001,INST. UNIVERSITARIA SALAZAR Y HERRERA,11,CR 70 52 49,-75.5853604985364,6.26031234804372,verde,1,169,297,56.9,2,17,20,0,0,0,89,0,0,169,0,0,0,0
p0773,MEDELLIN,05001,INSTITUCION EDUCATIVA ROSALIA SUAREZ,16,CLL 30A # 80 -18,-75.5971931689239,6.23268787050543,verde,1,2244,3811,58.88,13,284,438,0,0,0,810,0,0,2244,0,0,0,0
p0774,MEDELLIN,05001,INSTITUTO FERRINI - SEDE ROBLEDO,07,CALLE 76 # 80-431,-75.5922695190442,6.27800378421183,verde,1,4375,9050,48.34,39,509,1091,0,0,0,2955,0,0,4375,0,0,0,0
p0775,MEDELLIN,05001,INSTITUTO JORGE ROBLEDO,11,CL 51 # 65 - 72,-75.5817694954761,6.25835987273479,verde,1,3624,6511,55.66,25,746,617,0,0,0,1457,0,0,3624,0,0,0,0
p0776,MEDELLIN,05001,INSTITUTO SAN CARLOS,16,DIAG. 79 # 15-123,-75.6001668584475,6.22330094979852,verde,1,5675,8208,69.14,30,837,757,0,0,0,883,0,0,5675,0,0,0,0
p0777,MEDELLIN,05001,ITM CASTILLA,05,CR 65 No 98 A - 75,-75.5693422455966,6.29391365140096,verde,1,5463,10658,51.26,49,707,1056,0,0,0,3226,0,0,5463,0,0,0,0
p0778,MEDELLIN,05001,LICEO SALAZAR Y HERRERA,12,CLL 42C No 86-17,-75.6058783517261,6.24871119552243,verde,1,6976,11145,62.59,40,899,1215,0,0,0,1966,0,0,6976,0,0,0,0
p0779,MEDELLIN,05001,LICEO SAN RAFAEL,16,CL 30A 79 12,-75.5994336235967,6.23217305556297,verde,1,3313,5475,60.51,20,472,564,0,0,0,1069,0,0,3313,0,0,0,0
p0780,MEDELLIN,05001,PAR. BIBLIOTECA JOSE HORACIO BETANCUR,80,CLL 50 E SUR 75 A - 94,-75.6544411347605,6.17730916600349,verde,1,1420,3064,46.34,12,190,317,0,0,0,1076,0,0,1420,0,0,0,0
p0781,MEDELLIN,05001,PARQUE BIBLIOTECA FERNANDO BOTERO,60,CRA 131 No 62-15,-75.6370240039281,6.27796461870563,verde,1,3843,7024,54.71,37,590,589,0,0,0,1827,0,0,3843,0,0,0,0
p0782,MEDELLIN,05001,"PARROQ SAN JOSEMARIA ESCRIVA DE
BALAGUER",70,CL 31 AA 107 50,-75.6266386495976,6.23421069653538,verde,1,250,452,55.31,2,51,19,0,0,0,116,0,0,250,0,0,0,0
p0783,MEDELLIN,05001,PLAZA MAYOR CTRO EXPOS. CONVEN,00,CL 41 # 55 - 35,-75.5760240034378,6.24095421535395,verde,1,8915,13552,65.78,56,1139,991,0,0,0,2319,0,0,8915,0,0,0,0
p0784,MEDELLIN,05001,PLAZA MINORISTA JOSE MARIA VILLA,10,CL 55A 57 80,-75.5734699504216,6.25765815608858,verde,1,332,595,55.8,3,60,25,0,0,0,163,0,0,332,0,0,0,0
p0785,MEDELLIN,05001,POLITECNICO JAIME ISAZA CADAVID,14,CARRERA 48 No. 7 - 151,-75.5772480029686,6.21305642049499,verde,1,6849,10737,63.79,38,1237,1034,0,0,0,1541,0,0,6849,0,0,0,0
p0786,MEDELLIN,05001,"RECLUSION DE MUJERES PEDREGAL
MEDELLIN",00,"KM 6 VIA AL MAR FINCA LA
TERES",-75.6280858137048,6.28356130143789,amarillo,2,14,43,32.56,1,3,3,0,0,0,22,0,0,14,0,0,0,0
p0787,MEDELLIN,05001,SEC. COL. AGUSTIN NIETO CABALLERO,10,KR 40 # 59A-21,-75.5573188063355,6.25266707127413,verde,1,1291,2324,55.55,10,239,140,0,0,0,625,0,0,1291,0,0,0,0
p0788,MEDELLIN,05001,SEC.CONCENTRACION EDUC.KENNEDY,06,CRA 76 A # 92-131,-75.5818946826081,6.29044082120332,verde,1,2433,4982,48.84,23,349,543,0,0,0,1557,0,0,2433,0,0,0,0
p0789,MEDELLIN,05001,SEC.ESC.AGRIPINA MONTES DEL VALLE,01,CALLE 95 #42 B 44,-75.5502659868118,6.28659434443413,verde,1,2170,3964,54.74,22,488,268,0,0,0,928,0,0,2170,0,0,0,0
p0790,MEDELLIN,05001,SEC.ESC. AGRUPACION COLOMBIA,11,CL 44A # 75-68,-75.595119112568,6.25071752235642,verde,1,5217,7285,71.61,28,756,416,0,0,0,839,0,0,5217,0,0,0,0
p0791,MEDELLIN,05001,SEC. ESC. AMOR AL NIÑO,13,CR 115 39BD 06,-75.6248593685902,6.25324918926772,amarillo,2,940,2433,38.64,13,160,214,0,0,0,1061,0,0,940,0,0,0,0
p0792,MEDELLIN,05001,SEC. ESC. ARZOBISPO GARCIA,02,KR 49 # 98-48,-75.556001844875,6.29012490159723,verde,1,3059,5970,51.24,29,517,499,0,0,0,1775,0,0,3059,0,0,0,0
p0793,MEDELLIN,05001,SEC. ESC. BALDOMERO SANIN CANO,03,CR 37 75A 2,-75.5482673472501,6.26904844797042,verde,1,1524,3519,43.31,20,219,334,0,0,0,1358,0,0,1524,0,0,0,0
p0794,MEDELLIN,05001,SEC. ESC. BETANIA,13,CR 110A 34 82,-75.6226885277241,6.24629391111066,verde,1,3299,5600,58.91,27,457,429,0,0,0,1286,0,0,3299,0,0,0,0
p0795,MEDELLIN,05001,SEC. ESC. CARLOS OBANDO VELASCO,11,CRA 67A No 42-24,-75.5854983842642,6.24673496727358,verde,1,974,1575,61.84,6,128,175,0,0,0,285,0,0,974,0,0,0,0
p0796,MEDELLIN,05001,SEC. ESC. CARPINELO AMAPOLITA,01,CALLE 97 # 23-12,-75.5382524545343,6.28690166227518,amarillo,2,435,1233,35.28,7,114,62,0,0,0,565,0,0,435,0,0,0,0
p0797,MEDELLIN,05001,SEC ESC CRISTO REY APOLO,15,CRA 50G No 3SUR-34,-75.583687767027,6.20450835044405,verde,1,1397,2605,53.63,10,182,343,0,0,0,648,0,0,1397,0,0,0,0
p0798,MEDELLIN,05001,SEC. ESC. DIVINA PROVIDENCIA,01,CL 108 NO 43B - 17,-75.5491582190566,6.2975553113832,verde,1,2104,4638,45.36,34,342,392,0,0,0,1649,0,0,2104,0,0,0,0
p0799,MEDELLIN,05001,SEC.ESC. EL DIAMANTE,07,CL 79A # 86-09,-75.5871971239626,6.28520345049698,verde,1,3449,5730,60.19,25,541,403,0,0,0,1230,0,0,3449,0,0,0,0
p0800,MEDELLIN,05001,SEC. ESC. EL PEDREGAL,06,CLL 104E No 74-109,-75.5728664236175,6.30334006271393,verde,1,1289,2958,43.58,15,141,401,0,0,0,1090,0,0,1289,0,0,0,0
p0801,MEDELLIN,05001,SEC.ESC.EL SOCORRO,13,CARRERA 102B No. 47B - 32,-75.6185430186657,6.25955270349591,verde,1,1366,3238,42.19,18,156,384,0,0,0,1245,0,0,1366,0,0,0,0
p0802,MEDELLIN,05001,SEC. ESC. FIDEL ANTONIO SALDARRIAGA,02,CRA 48 No 103B-01,-75.5538980576811,6.29402005807331,verde,1,2248,4661,48.23,25,365,346,0,0,0,1545,0,0,2248,0,0,0,0
p0803,MEDELLIN,05001,SEC. ESC. GUILLERMO ECHAVARRIA MISAS,14,CRA 43B No 9-61,-75.5713495831761,6.21064991099361,verde,1,1399,2118,66.05,8,310,186,0,0,0,209,0,0,1399,0,0,0,0
p0804,MEDELLIN,05001,SEC. ESC. JOSE DE SAN MARTIN,09,CL 39 # 38- 21,-75.5627515557534,6.23748430283596,verde,1,4760,8339,57.08,35,613,777,0,0,0,2073,0,0,4760,0,0,0,0
p0805,MEDELLIN,05001,SEC. ESC. JUAN CANCIO RESTREPO,09,CLL 45 No 31-63,-75.5554700448286,6.23847367980456,verde,1,642,1335,48.09,6,74,156,0,0,0,442,0,0,642,0,0,0,0
p0806,MEDELLIN,05001,SEC ESC JUAN DE DIOS ARANZAZU,13,CLL 42 No 105 - 42,-75.6199631874349,6.25541349608787,verde,1,1174,2352,49.91,9,155,189,0,0,0,793,0,0,1174,0,0,0,0
p0807,MEDELLIN,05001,SEC ESC JUAN NEPOMUCENO MORALES,60,CALLE 62 No 127 6,-75.6320606964533,6.2790176543896,verde,1,944,1949,48.44,10,114,238,0,0,0,616,0,0,944,0,0,0,0
p0808,MEDELLIN,05001,SEC.ESC.JULIA AGUDELO,08,CL 58 # 28-58,-75.5489175623223,6.24982456301068,verde,1,5574,10727,51.96,54,983,750,0,0,0,3166,0,0,5574,0,0,0,0
p0809,MEDELLIN,05001,SEC ESC JULIO ARBOLEDA,04,CR 51 78 12,-75.5625270968661,6.27284114134122,verde,1,661,1496,44.18,7,88,132,0,0,0,588,0,0,661,0,0,0,0
p0810,MEDELLIN,05001,SEC.ESC.LA COLINA,15,KR 52C 12A SUR -23,-75.5917542481526,6.19741966608493,verde,1,2990,5238,57.08,20,406,583,0,0,0,1203,0,0,2990,0,0,0,0
p0811,MEDELLIN,05001,SEC. ESC. LA ESPERANZA No 2,01,KR 29 # 102 - 20,-75.5411052238386,6.29116685388909,verde,1,1787,4297,41.59,36,433,287,0,0,0,1644,0,0,1787,0,0,0,0
p0812,MEDELLIN,05001,SEC ESC LA FRONTERA,02,CALLE 122 No 50A 14,-75.552652880759,6.30574568136459,verde,1,1078,2468,43.68,12,133,247,0,0,0,941,0,0,1078,0,0,0,0
p0813,MEDELLIN,05001,SEC. ESC. LEON DE GREIFF,06,CL 101CC # 82E-72,-75.5807233462768,6.30218131344342,verde,1,2097,3872,54.16,19,363,308,0,0,0,1013,0,0,2097,0,0,0,0
p0814,MEDELLIN,05001,SEC.ESC. MANUEL URIBE ANGEL,02,KR 49A #107-65,-75.5537101125958,6.29803059537799,verde,1,3745,8203,45.65,42,585,684,0,0,0,2987,0,0,3745,0,0,0,0
p0815,MEDELLIN,05001,SEC. ESC. MEDELLIN,01,CL 96 # 36-45,-75.5463439419925,6.28682287549366,verde,1,2362,4754,49.68,26,458,358,0,0,0,1436,0,0,2362,0,0,0,0
p0816,MEDELLIN,05001,SEC. ESC. MONSEÑOR PERDOMO,13,CL 44 # 97-14,-75.6141498683713,6.25619406071847,verde,1,4127,6648,62.08,28,731,494,0,0,0,1204,0,0,4127,0,0,0,0
p0817,MEDELLIN,05001,SEC.ESC.NIÑO JESUS DE PRAGA,08,CALLE 57C No. 23-200,-75.5458064015143,6.24859425052794,verde,1,1391,3222,43.17,14,214,225,0,0,0,1307,0,0,1391,0,0,0,0
p0818,MEDELLIN,05001,SEC. ESC. NUEVO HORIZONTE 2,01,CARRERA 37 No 107AA 21,-75.5456065901523,6.29767812768782,amarillo,2,1138,2783,40.89,32,131,198,0,0,0,1228,0,0,1138,0,0,0,0
p0819,MEDELLIN,05001,SEC. ESC. PEDRO DE CASTRO,12,CL 40 # 86A-101,-75.6082621376314,6.24867996662925,verde,1,2979,3955,75.32,15,419,156,0,0,0,371,0,0,2979,0,0,0,0
p0820,MEDELLIN,05001,SEC.ESC.PIO XII,13,KR 98 # 44-52,-75.6139656751284,6.25645879236548,verde,1,3024,5210,58.04,23,449,418,0,0,0,1222,0,0,3024,0,0,0,0
p0821,MEDELLIN,05001,SEC. ESC. PORFIRIO BARBA JACOB,04,CR 47 74 32,-75.5565640183536,6.2687825079137,verde,1,325,664,48.95,3,51,66,0,0,0,211,0,0,325,0,0,0,0
p0822,MEDELLIN,05001,SEC.ESC.RAFAEL URIBE URIBE,12,CARRERA 83 No. 42C - 54,-75.60430264,6.248690842,verde,1,1231,2328,52.88,11,200,307,0,0,0,458,0,0,1231,0,0,0,0
p0823,MEDELLIN,05001,SEC. ESC. REPUBLICA DE COSTA RICA,15,CARRERA 52 No 7 SUR -23,-75.5880814138367,6.20283867531398,verde,1,3536,5862,60.32,24,611,466,0,0,0,1169,0,0,3536,0,0,0,0
p0824,MEDELLIN,05001,SEC. ESC. REPUBLICA DE PANAMA,13,KR 88 # 49DD-70,-75.6061726885573,6.26297416469676,verde,1,2516,4058,62.0,17,337,271,0,0,0,874,0,0,2516,0,0,0,0
p0825,MEDELLIN,05001,SEC ESC SAN JOSE (IE MANUELA BELTRAN),03,CL 71 No 33-18,-75.5457995808589,6.2655848405348,verde,1,3867,8257,46.83,42,597,700,0,0,0,2869,0,0,3867,0,0,0,0
p0826,MEDELLIN,05001,SEC.ESC.SAN MARTIN DE PORRES,06,KR 75A # 97-135,-75.5785834332816,6.29591769803768,verde,1,2362,4340,54.42,20,389,366,0,0,0,1137,0,0,2362,0,0,0,0
p0827,MEDELLIN,05001,SEC. ESC. SANTA LUCIA,12,KR 89A # 47DD-71,-75.6056809586786,6.25781004960638,verde,1,4465,7007,63.72,28,584,564,0,0,0,1260,0,0,4465,0,0,0,0
p0828,MEDELLIN,05001,SEC.ESC. SANTA MARGARITA,07,KR 105B # 62-68,-75.6158760616786,6.27663032447751,verde,1,2133,4617,46.2,24,379,374,0,0,0,1585,0,0,2133,0,0,0,0
p0829,MEDELLIN,05001,SEC. ESC. SANTISIMA TRINIDAD,15,CL 26 65B 100,-75.5864392179291,6.22802388411243,verde,1,19,39,48.72,1,4,4,0,0,0,12,0,0,19,0,0,0,0
p0830,MEDELLIN,05001,SEC. ESC. SOFIA OSPINA DE NAVARRO,16,CALLE 32 No. 65-20,-75.5829747352203,6.23509524158148,verde,1,2777,3762,73.82,15,397,205,0,0,0,353,0,0,2777,0,0,0,0
p0831,MEDELLIN,05001,SEC ESC SOR MARIA LUISA COURBIN,08,KR 12 # 52-44,-75.5383920851601,6.23375102407936,verde,1,2395,4423,54.15,23,433,282,0,0,0,1187,0,0,2395,0,0,0,0
p0832,MEDELLIN,05001,SEC ESC TOMAS CARRASQUILLA No 1,04,CRA 52 No 92 - 05,-75.5631898695226,6.28369520485718,verde,1,544,1242,43.8,5,59,118,0,0,0,497,0,0,544,0,0,0,0
p0833,MEDELLIN,05001,SEC ESC TOSCANA,05,CLL 111G No 64A-16,-75.5593472389348,6.30624033292474,verde,1,873,1900,45.95,8,116,192,0,0,0,683,0,0,873,0,0,0,0
p0834,MEDELLIN,05001,SEC ESC TRICENTENARIO,05,CRA 63A No 94A-23,-75.5645635387528,6.29223542853768,verde,1,2841,6020,47.19,27,404,672,0,0,0,2030,0,0,2841,0,0,0,0
p0835,MEDELLIN,05001,SEC. ESC. VEINTE DE JULIO,13,CR 106 38 40,-75.6183808792967,6.25208203968056,verde,1,225,483,46.58,3,30,56,0,0,0,164,0,0,225,0,0,0,0
p0836,MEDELLIN,05001,SEC. ESC. VILLA TURBAY,08,KR 2 # 55F-17,-75.5301167729546,6.23582789654241,amarillo,2,919,2372,38.74,14,212,181,0,0,0,972,0,0,919,0,0,0,0
p0837,MEDELLIN,05001,"SECCION ESCUELA ALEJANDRO
ECHAVARRIA",09,CARRERA 16 NO 49B 8,-75.5424115800078,6.23491119379597,verde,1,1433,3016,47.51,12,179,266,0,0,0,1079,0,0,1433,0,0,0,0
p0838,MEDELLIN,05001,SECCION ESCUELA CARLOS FRANCO,16,CARRERA 77 No 25 67,-75.5975780274351,6.22795047226118,verde,1,340,618,55.02,2,39,57,0,0,0,177,0,0,340,0,0,0,0
p0839,MEDELLIN,05001,SECCION ESCUELA HOGAR ANTIOQUIA,08,CR 12 52 42,-75.5389167505955,6.23407109150337,verde,1,790,1523,51.87,9,125,98,0,0,0,469,0,0,790,0,0,0,0
p0840,MEDELLIN,05001,SENA,10,CL 51 # 57-70,-75.5752146313018,6.25492070603386,verde,1,1683,2995,56.19,16,250,164,0,0,0,825,0,0,1683,0,0,0,0
p0841,MEDELLIN,05001,SENA PEDREGAL,06,CL 104 69 120,-75.568561569866,6.30207801111797,verde,1,84,200,42.0,1,9,33,0,0,0,71,0,0,84,0,0,0,0
p0842,MEDELLIN,05001,SENA - SEDE BUENOS AIRES,09,CLL 48 No 28-00,-75.5523085999975,6.23947859405442,amarillo,2,732,1897,38.59,10,81,237,0,0,0,817,0,0,732,0,0,0,0
p0843,MEDELLIN,05001,TECNOLOGICO DE ANTIOQUIA,07,CALLE 78B # 72A-220,-75.5831927341683,6.27994372598423,verde,1,3872,7877,49.16,30,549,1079,0,0,0,2293,0,0,3872,0,0,0,0
p0844,MEDELLIN,05001,TERMINAL DE TRANSPORTES DEL NORTE,05,CR 64 C No 78 580,-75.5713458524746,6.2789919855988,verde,1,680,1607,42.31,8,124,152,0,0,0,621,0,0,680,0,0,0,0
p0845,MEDELLIN,05001,UNID.DEPORTIVA ANDRES ESCOBAR,16,CR 66B 30A 49 AUDITORIOS DE LA BOLERA,-75.5873212553138,6.23288345794317,verde,1,1922,3401,56.51,12,331,437,0,0,0,686,0,0,1922,0,0,0,0
p0846,MEDELLIN,05001,UNIVERSIDAD CLARETIANA,10,CARRERA 55A # 61-06,-75.5700410419034,6.2604302901465,amarillo,2,464,1997,23.23,8,94,327,0,0,0,1092,0,0,464,0,0,0,0
p0847,MEDELLIN,05001,UNIVERSIDAD DE MEDELLIN,16,KR 87 # 30-65,-75.6099796263254,6.2315900726161,verde,1,5648,9129,61.87,39,857,867,0,0,0,1639,0,0,5648,0,0,0,0
p0848,MEDELLIN,05001,UNIVERSIDAD EAFIT,14,KR 49 # 7 SUR 50,-75.5792119555909,6.19961451578806,verde,1,7824,10414,75.13,37,1498,539,0,0,0,516,0,0,7824,0,0,0,0
p0849,MEDELLIN,05001,UNIVERSIDAD PONTIFICIA BOLIVARIANA,11,CIR 1 No 70 - 01,-75.5893623546487,6.24235602582851,verde,1,6067,10569,57.4,37,952,1482,0,0,0,2001,0,0,6067,0,0,0,0
p0964,SABANETA,05631,BIBLIOTECA MUNICIPAL,0,CLL 75 SUR No 45-47,-75.6189878217425,6.14962200264477,verde,1,2946,4540,64.89,17,389,436,0,0,0,726,0,0,2946,0,0,0,0
p0965,SABANETA,05631,CASA DE LA CULTURA LA BARQUEREÑA,0,CLL 68 SUR # 42 - 40,-75.6122313310931,6.15132634837868,verde,1,1765,2492,70.83,10,245,143,0,0,0,317,0,0,1765,0,0,0,0
p0966,SABANETA,05631,COL PADRE RAMON ARCILA R,0,CALLE 70 SUR No 46-80,-75.6170896545721,6.15294899095291,verde,1,2483,3564,69.67,14,438,158,0,0,0,442,0,0,2483,0,0,0,0
p0967,SABANETA,05631,CTRO DE ATENCION 1RA INFANCIA CAIPI,0,CRA 43 C # 65 SUR - 128,-75.6123868466487,6.15213788350959,verde,1,2277,3470,65.62,16,283,324,0,0,0,551,0,0,2277,0,0,0,0
p0968,SABANETA,05631,CTRO PARA EL ADULTO MAYOR CAITES,0,CLL 78 C SUR # 46 - 120,-75.6212164421757,6.13763136499775,verde,1,6331,9580,66.09,35,973,771,0,0,0,1414,0,0,6331,0,0,0,0
p0969,SABANETA,05631,E.R. LAS LOMITAS (JAC),0,"VEREDA LAS LOMITAS CRA 32
# 61S-83",-75.6011278878202,6.14290645645471,verde,1,109,175,62.29,1,20,19,0,0,0,25,0,0,109,0,0,0,0
p0970,SABANETA,05631,GIMNASIO CAMPESTRE LOS ALCAZARES,0,CLL 63 SUR No 41-05,-75.6097635389918,6.15172362170503,verde,1,3574,6060,58.98,24,530,778,0,0,0,1130,0,0,3574,0,0,0,0
p0971,SABANETA,05631,I.E MARIA AUXILIADORA,0,VEREDA MARIA AUXILIADORA CL 56 S # 38-117,-75.5989843044912,6.1501329662164,verde,1,607,1175,51.66,5,104,137,0,0,0,316,0,0,607,0,0,0,0
p0972,SABANETA,05631,I.E. PRESBITERO ANTONIO BAENA SALAZAR,0,CLL 82 SUR No 32-68,-75.6300932370858,6.13961821105838,verde,1,489,893,54.76,5,55,108,0,0,0,218,0,0,489,0,0,0,0
p0973,SABANETA,05631,I.E. PRIMITIVO LEAL LA DOCTORA,0,CLL 75 SUR # 33 53,-75.61311546962,6.14133582791559,verde,1,3532,5840,60.48,24,514,616,0,0,0,1111,0,0,3532,0,0,0,0
p0974,SABANETA,05631,I.E. RAFAEL J. MEJIA,0,KR 45 # 77 C SUR - 47,-75.6207370303399,6.14660442876148,verde,1,5068,8395,60.37,35,663,1049,0,0,0,1527,0,0,5068,0,0,0,0
p0975,SABANETA,05631,IE CONCEJO DE SABANETA JMCB,0,CRA 42 No 61 SUR -12,-75.606980465208,6.15376231514181,verde,1,4237,6976,60.74,29,707,722,0,0,0,1239,0,0,4237,0,0,0,0
p0976,SABANETA,05631,IE JOSE FELIX DE RESTREPO,0,CRA 46B No 76SUR -17,-75.6197533095763,6.15041883786223,verde,1,6680,10566,63.22,44,1176,905,0,0,0,1696,0,0,6680,0,0,0,0
p0977,SABANETA,05631,IE MARIA MEDIADORA,0,CLL 50 SUR No 43A-89,-75.6025992458996,6.16073539595008,verde,1,2348,4087,57.45,21,311,522,0,0,0,875,0,0,2348,0,0,0,0
p0978,SABANETA,05631,JAC VEREDA SAN JOSE,0,"VEREDA SAN JOSE CRA 77
SUR # 27 - 220",-75.615544405601,6.12792141496908,verde,1,224,384,58.33,2,36,47,0,0,0,74,0,0,224,0,0,0,0
p0979,SABANETA,05631,PARQUE DE LOS 4 ELEMENTOS,0,CLL 66 SUR No 43C-50,-75.612687174167,6.15290200591077,verde,1,1307,1871,69.86,7,166,139,0,0,0,234,0,0,1307,0,0,0,0
