id_puesto,puesto,cod_comune,direccion,lon,lat,semaforo,rank_abelardo,votos_abelardo,total_validos,pct_abelardo,n_mesas,v_paloma_valencia,v_sergio_fajardo,v_miguel_uribe_londoño,v_gustavo_matamoros,v_roy_barrera,v_ivan_cepeda,v_santiago_botero,v_sondra_maconllis,v_abelardo_de_la_espriella,v_claudia_lopez,v_luis_gilberto_murillo,v_carlos_caicedo,v_oscar_mauricio_lizcano
p0600,ALCALDIA MUNICIPAL (SOTANO),10,CL 44 # 52-165,-75.573693258162,6.24481434144119,verde,1.0,4437.0,7746.0,57.28,40.0,807.0,468.0,0.0,0.0,0.0,1909.0,0.0,0.0,4437.0,0.0,0.0,0.0,0.0
p0601,C.E. JUAN ANDRES PATIÑO,90,"CORREGIMIENTO SANTA
ELENA",-75.4799755784379,6.23197894711261,verde,1.0,205.0,425.0,48.24,2.0,40.0,44.0,0.0,0.0,0.0,134.0,0.0,0.0,205.0,0.0,0.0,0.0,0.0
p0602,C.E. MARIA PAULINA TABORDA,70,"CLL 34 AB 126B 301 - VDA
TRAVESIAS EL CORAZON",-75.6362051146259,6.24788932345022,verde,1.0,109.0,212.0,51.42,1.0,22.0,17.0,0.0,0.0,0.0,60.0,0.0,0.0,109.0,0.0,0.0,0.0,0.0
p0603,C.E. MEDIA LUNA,90,"CORREGIMIENTO SANTA
ELENA",-75.5176584479491,6.23837955350542,verde,1.0,100.0,162.0,61.73,1.0,15.0,11.0,0.0,0.0,0.0,35.0,0.0,0.0,100.0,0.0,0.0,0.0,0.0
p0604,C4TA CIUDADELA,12,CL 42C 95 51,-75.6137856228027,6.25347088063649,verde,1.0,1044.0,2118.0,49.29,9.0,156.0,247.0,0.0,0.0,0.0,649.0,0.0,0.0,1044.0,0.0,0.0,0.0,0.0
p0605,CASA DE GOBIERNO SANTA ELENA,90,"CORREGIMIENTO SANTA
ELENA",-75.4976222479098,6.20956799172564,verde,1.0,1255.0,2256.0,55.63,9.0,327.0,158.0,0.0,0.0,0.0,477.0,0.0,0.0,1255.0,0.0,0.0,0.0,0.0
p0606,CENTRO CARLOS LLERAS RESTREPO,00,CALLE 65C No. 94C-80,-75.6025791697869,6.28525133385359,verde,1.0,46.0,103.0,44.66,2.0,10.0,3.0,0.0,0.0,0.0,40.0,0.0,0.0,46.0,0.0,0.0,0.0,0.0
p0607,CENTRO COMERCIAL SAN DIEGO,10,CL 34 # 43-66,-75.5692212578617,6.23510426136417,verde,1.0,6737.0,9977.0,67.53,39.0,1174.0,635.0,0.0,0.0,0.0,1360.0,0.0,0.0,6737.0,0.0,0.0,0.0,0.0
p0608,CENTRO DE DESARROLLO SOCIAL (CDS),80,CRA 79 No 40 SUR - 40,-75.6558790664324,6.18540887478528,verde,1.0,2344.0,4839.0,48.44,20.0,371.0,427.0,0.0,0.0,0.0,1564.0,0.0,0.0,2344.0,0.0,0.0,0.0,0.0
p0609,CENTRO EDUCATIVO EL MANZANILLO,70,"CLL 5A SUR No 89A - 11
VEREDA MANZANILLO",-75.6141764090668,6.20670567399244,verde,1.0,553.0,851.0,64.98,4.0,76.0,62.0,0.0,0.0,0.0,146.0,0.0,0.0,553.0,0.0,0.0,0.0,0.0
p0610,COL AGUSTINIANO DE SAN NICOLAS,04,KR 48 # 93-13,-75.5555363267569,6.28476235428265,verde,1.0,4753.0,8223.0,57.8,36.0,787.0,677.0,0.0,0.0,0.0,1864.0,0.0,0.0,4753.0,0.0,0.0,0.0,0.0
p0611,"COL. CALASANZ (FEM) CAMPESTRE
ESCOLAPIAS",11,CL 55 76A 71 (COLISEO),-75.5906139763586,6.26563225234426,verde,1.0,5446.0,8660.0,62.89,30.0,742.0,1027.0,0.0,0.0,0.0,1385.0,0.0,0.0,5446.0,0.0,0.0,0.0,0.0
p0612,"COL DE LA COMPAÑIA DE MARIA LA
ENSEÑANZA",14,CALLE 9 SUR No 37-345,-75.5743729977304,6.19493669066274,verde,1.0,5309.0,6676.0,79.52,23.0,898.0,206.0,0.0,0.0,0.0,247.0,0.0,0.0,5309.0,0.0,0.0,0.0,0.0
p0613,COL LA INMACULADA,16,CRA 76 No 12-57,-75.5986170489363,6.22114232016575,verde,1.0,5510.0,8462.0,65.11,29.0,662.0,987.0,0.0,0.0,0.0,1253.0,0.0,0.0,5510.0,0.0,0.0,0.0,0.0
p0614,COL.MARYMOUNT,,,,,,,,,,,,,,,,,,,,,,,
p0615,COL MAYOR DE ANTIOQUIA,07,CRA 78 No 65-46,-75.5920186302599,6.27323894659604,verde,1.0,1672.0,4059.0,41.19,16.0,286.0,648.0,0.0,0.0,0.0,1418.0,0.0,0.0,1672.0,0.0,0.0,0.0,0.0
p0616,COL. SAN IGNACIO DE LOYOLA - SD INFANTIL,11,CALLE 47D No. 75-83,-75.5929611947273,6.25433416671941,verde,1.0,2264.0,3954.0,57.26,14.0,354.0,465.0,0.0,0.0,0.0,838.0,0.0,0.0,2264.0,0.0,0.0,0.0,0.0
p0617,"COL. SAN IGNACIO DE LOYOLA - SD
MAYORES",11,CLL 48 No 68-98,-75.5866542352741,6.25406253075718,verde,1.0,1596.0,2848.0,56.04,11.0,246.0,337.0,0.0,0.0,0.0,641.0,0.0,0.0,1596.0,0.0,0.0,0.0,0.0
p0618,COL. SAN JOSE DE LAS VEGAS,14,CRA 48 No 7SUR-52,-75.5767581640926,6.19862085360708,verde,1.0,6507.0,9316.0,69.85,31.0,1280.0,878.0,0.0,0.0,0.0,618.0,0.0,0.0,6507.0,0.0,0.0,0.0,0.0
p0619,COL.SANTA MARIA DEL ROSARIO · El Tesoro,14,CALLE 7B SUR No. 29C - 100,-75.5653559504971,6.19258264202586,verde,1.0,11266.0,14112.0,79.83,45.0,1613.0,583.0,0.0,0.0,0.0,595.0,0.0,0.0,11266.0,0.0,0.0,0.0,0.0
p0620,COLEGIO BETHLEMITAS,11,TRANSVERSAL 36 No 72-93,-75.5954922143607,6.24080942519567,verde,1.0,4169.0,6201.0,67.23,21.0,693.0,579.0,0.0,0.0,0.0,710.0,0.0,0.0,4169.0,0.0,0.0,0.0,0.0
p0621,COLEGIO CAMPESTRE MANZANARES,14,CARRERA 16 No 12 SUR 28,-75.5564793914334,6.18475823277591,verde,1.0,754.0,929.0,81.16,4.0,89.0,46.0,0.0,0.0,0.0,37.0,0.0,0.0,754.0,0.0,0.0,0.0,0.0
p0622,COLEGIO EUCARISTICO,09,CRA 28 No 42-62,-75.5535961359991,6.23554294808686,verde,1.0,2748.0,5268.0,52.16,20.0,339.0,589.0,0.0,0.0,0.0,1517.0,0.0,0.0,2748.0,0.0,0.0,0.0,0.0
p0623,COLEGIO LATINO,12,CRA 86 A # 34 - 64,-75.6034693949552,6.24905732630557,verde,1.0,3570.0,5124.0,69.67,21.0,538.0,301.0,0.0,0.0,0.0,690.0,0.0,0.0,3570.0,0.0,0.0,0.0,0.0
p0624,COLEGIO PADRE MANYANET,16,CARRERA 84F No. 8 - 29,-75.6088453405816,6.21968464011102,verde,1.0,4084.0,6075.0,67.23,22.0,493.0,671.0,0.0,0.0,0.0,788.0,0.0,0.0,4084.0,0.0,0.0,0.0,0.0
p0625,COLEGIO PINARES ALTOVERDE,14,CARRERA 35 No 9 SUR 160,-75.5705694075187,6.19110840611496,verde,1.0,901.0,1168.0,77.14,4.0,119.0,76.0,0.0,0.0,0.0,62.0,0.0,0.0,901.0,0.0,0.0,0.0,0.0
p0626,COLEGIO SALESIANO EL SUFRAGIO,10,KR 39 # 54-31,-75.5580742206209,6.2482936948786,verde,1.0,5229.0,9161.0,57.08,37.0,899.0,627.0,0.0,0.0,0.0,2314.0,0.0,0.0,5229.0,0.0,0.0,0.0,0.0
p0627,COLEGIO SAN JOSE DE LA SALLE,14,CALLE 9 No 10 337,-75.5468359925992,6.20403317611534,verde,1.0,671.0,861.0,77.93,3.0,82.0,59.0,0.0,0.0,0.0,45.0,0.0,0.0,671.0,0.0,0.0,0.0,0.0
p0628,COLEGIO SAN JUAN BOSCO,16,CLL 28 No 73-01,-75.5940050841637,6.22924537457425,verde,1.0,1647.0,2763.0,59.61,10.0,219.0,350.0,0.0,0.0,0.0,532.0,0.0,0.0,1647.0,0.0,0.0,0.0,0.0
p0629,COLEGIO SAN LUCAS,14,CLL 20 SUR No 25B-91,-75.56606314931,6.1812967397386,verde,1.0,4430.0,5640.0,78.55,18.0,654.0,301.0,0.0,0.0,0.0,240.0,0.0,0.0,4430.0,0.0,0.0,0.0,0.0
p0630,COLISEO SANTA ELENA,90,"CORREGIMIENTO SANTA
ELENA",-75.4971001555855,6.21078407577089,verde,1.0,1548.0,3165.0,48.91,14.0,250.0,341.0,0.0,0.0,0.0,996.0,0.0,0.0,1548.0,0.0,0.0,0.0,0.0
p0631,CORP. UNIVERSITARIA ADVENTISTA - UNAC,11,CRA 84 No 33AA-01,-75.6093520251819,6.24088499592828,verde,1.0,3539.0,5299.0,66.79,18.0,400.0,569.0,0.0,0.0,0.0,753.0,0.0,0.0,3539.0,0.0,0.0,0.0,0.0
p0632,ESC NORMAL SUPERIOR ANTIOQUEÑA,09,KR 36A # 48-55,-75.5582033976252,6.24246257855172,verde,1.0,3688.0,6561.0,56.21,28.0,505.0,710.0,0.0,0.0,0.0,1585.0,0.0,0.0,3688.0,0.0,0.0,0.0,0.0
p0633,"ESTABLECIMIENTO CARCELARIO PEDREGAL
MEDE",00,"KM 6 VIA AL MAR FINCA LA
TERES",-75.6281233601634,6.28353997207964,amarillo,2.0,15.0,50.0,30.0,1.0,3.0,2.0,0.0,0.0,0.0,29.0,0.0,0.0,15.0,0.0,0.0,0.0,0.0
p0634,ESTADIO ATANASIO GIRARDOT,00,CL 48 # 73 - 10,-75.5901706528607,6.25678210820705,verde,1.0,10538.0,15792.0,66.73,60.0,1180.0,634.0,0.0,0.0,0.0,3068.0,0.0,0.0,10538.0,0.0,0.0,0.0,0.0
p0635,I.E.ALCALDIA DE MEDELLIN,16,CL 2B NO 79-80,-75.603600615487,6.21262728414803,verde,1.0,4335.0,7224.0,60.01,32.0,571.0,517.0,0.0,0.0,0.0,1500.0,0.0,0.0,4335.0,0.0,0.0,0.0,0.0
p0636,I.E. ALFONSO MORA NARANJO,04,KR 48A # 77-68,-75.5572176697897,6.27121854160862,verde,1.0,3526.0,6195.0,56.92,28.0,588.0,526.0,0.0,0.0,0.0,1457.0,0.0,0.0,3526.0,0.0,0.0,0.0,0.0
p0637,I.E.ALFREDO COCK ARANGO,06,KR 72 # 99-55,-75.5734368827177,6.296449124083,verde,1.0,3523.0,6033.0,58.4,28.0,483.0,433.0,0.0,0.0,0.0,1453.0,0.0,0.0,3523.0,0.0,0.0,0.0,0.0
p0638,I.E AMERICA,12,CALLE 34 EE No. 91-20,-75.6156878035024,6.24570929178178,verde,1.0,1509.0,2759.0,54.69,11.0,232.0,349.0,0.0,0.0,0.0,633.0,0.0,0.0,1509.0,0.0,0.0,0.0,0.0
p0639,I.E. ASIA IGNACIANA,02,CL 122 # 51B-30,-75.5550337001775,6.30628839853411,verde,1.0,3651.0,7783.0,46.91,41.0,693.0,726.0,0.0,0.0,0.0,2510.0,0.0,0.0,3651.0,0.0,0.0,0.0,0.0
p0640,I.E. BARRIO SANTA CRUZ,02,CL 103 # 43A - 45,-75.5504001736103,6.29240139148556,verde,1.0,2565.0,5617.0,45.66,32.0,342.0,547.0,0.0,0.0,0.0,2033.0,0.0,0.0,2565.0,0.0,0.0,0.0,0.0
p0641,I.E.BENJAMIN HERRERA,15,CL 25 # 52-140,-75.579633590099,6.2264501477546,verde,1.0,3697.0,5904.0,62.62,23.0,494.0,541.0,0.0,0.0,0.0,1104.0,0.0,0.0,3697.0,0.0,0.0,0.0,0.0
p0642,I.E. BLANQUIZAL,13,CR 92DD 57F 41,-75.6054544737888,6.27540740239359,amarillo,2.0,1510.0,3627.0,41.63,20.0,261.0,256.0,0.0,0.0,0.0,1514.0,0.0,0.0,1510.0,0.0,0.0,0.0,0.0
p0643,I.E. CAMILO C. RESTREPO,15,Cra 65 D # 24-40,-75.5853828080026,6.22575298143614,verde,1.0,2778.0,4577.0,60.69,21.0,435.0,378.0,0.0,0.0,0.0,924.0,0.0,0.0,2778.0,0.0,0.0,0.0,0.0
p0644,I.E.CAMILO MORA CARRASQUILLA,07,CALLE 62D # 94B-74,-75.6061662204284,6.27827924427197,verde,1.0,1090.0,2369.0,46.01,12.0,149.0,249.0,0.0,0.0,0.0,831.0,0.0,0.0,1090.0,0.0,0.0,0.0,0.0
p0645,I.E. CAMPO VALDES,04,CL 83 # 47-33,-75.5558854217905,6.27565982985049,verde,1.0,3819.0,7574.0,50.42,35.0,506.0,798.0,0.0,0.0,0.0,2333.0,0.0,0.0,3819.0,0.0,0.0,0.0,0.0
p0646,I.E. CAPILLA DEL ROSARIO,16,CALLE 6 SUR No. 79 - 195,-75.6019875088249,6.20515638623111,verde,1.0,2046.0,3585.0,57.07,13.0,274.0,441.0,0.0,0.0,0.0,781.0,0.0,0.0,2046.0,0.0,0.0,0.0,0.0
p0647,I.E. CARLOS VIECO ORTIZ,13,CALLE 40 No. 105 - 36,-75.6199653017967,6.25541309019425,verde,1.0,1980.0,4142.0,47.8,19.0,272.0,467.0,0.0,0.0,0.0,1354.0,0.0,0.0,1980.0,0.0,0.0,0.0,0.0
p0648,"I.E. CENTRO FORMATIVO DE ANTIOQUIA -
CEFA",10,CL 50 # 41-55,-75.5617822227897,6.24647090240853,verde,1.0,5518.0,10762.0,51.27,46.0,1060.0,843.0,0.0,0.0,0.0,3200.0,0.0,0.0,5518.0,0.0,0.0,0.0,0.0
p0649,I.E. CIUDADELA LAS AMERICAS,06,CL 111 # 79-77,-75.5752581486219,6.30866201236336,verde,1.0,3711.0,7085.0,52.38,34.0,551.0,664.0,0.0,0.0,0.0,2038.0,0.0,0.0,3711.0,0.0,0.0,0.0,0.0
p0650,I.E. CONCEJO DE MEDELLIN,12,KR 82 # 47A-65,-75.6005217063114,6.25827562029093,verde,1.0,7932.0,12291.0,64.54,47.0,1337.0,945.0,0.0,0.0,0.0,1933.0,0.0,0.0,7932.0,0.0,0.0,0.0,0.0
p0651,I.E.CRISTO REY,15,CALLE 2 SUR No. 50D - 30,-75.581788797889,6.20528863323103,verde,1.0,4347.0,6569.0,66.17,28.0,611.0,501.0,0.0,0.0,0.0,1044.0,0.0,0.0,4347.0,0.0,0.0,0.0,0.0
p0652,I.E. DEBORA ARANGO PEREZ,70,CL 18 103 160 ALTAVISTA,-75.6263357793434,6.22378516350669,verde,1.0,2546.0,5080.0,50.12,27.0,357.0,372.0,0.0,0.0,0.0,1656.0,0.0,0.0,2546.0,0.0,0.0,0.0,0.0
p0653,I.E. DINAMARCA,05,Calle 91 No 65-119,-75.5729521270142,6.2825645007831,verde,1.0,1928.0,4142.0,46.55,18.0,249.0,487.0,0.0,0.0,0.0,1411.0,0.0,0.0,1928.0,0.0,0.0,0.0,0.0
p0654,I.E. DOCE DE OCTUBRE,06,KR 77B # 103-05,-75.5768907220333,6.30294598950354,verde,1.0,2579.0,4368.0,59.04,19.0,508.0,288.0,0.0,0.0,0.0,894.0,0.0,0.0,2579.0,0.0,0.0,0.0,0.0
p0655,I.E.EDUARDO SANTOS,13,CALLE 43 No. 120C - 77,-75.6289704108123,6.2587324791211,verde,1.0,1522.0,3197.0,47.61,15.0,240.0,295.0,0.0,0.0,0.0,1070.0,0.0,0.0,1522.0,0.0,0.0,0.0,0.0
p0656,I.E. EL BOSQUE,04,Cra 58 # 85B 81,-75.5670925637368,6.2800006957105,amarillo,2.0,1009.0,2589.0,38.97,14.0,157.0,204.0,0.0,0.0,0.0,1174.0,0.0,0.0,1009.0,0.0,0.0,0.0,0.0
p0657,I.E.EL CORAZON,13,CR 116 F 34A 131,-75.6298617903313,6.24734513133079,verde,1.0,981.0,2174.0,45.12,11.0,137.0,195.0,0.0,0.0,0.0,790.0,0.0,0.0,981.0,0.0,0.0,0.0,0.0
p0658,I.E.EL DIAMANTE (SEDE BTO),07,CARRERA 87 No. 79-05,-75.588139141341,6.28602012752246,verde,1.0,2661.0,5643.0,47.16,26.0,293.0,700.0,0.0,0.0,0.0,1894.0,0.0,0.0,2661.0,0.0,0.0,0.0,0.0
p0659,I.E. EL TRIUNFO SANTA TERESA,06,CL 104 D 82 GG 20,-75.5811799214672,6.30660471293869,verde,1.0,1040.0,2421.0,42.96,11.0,152.0,244.0,0.0,0.0,0.0,949.0,0.0,0.0,1040.0,0.0,0.0,0.0,0.0
p0660,I.E. FATIMA NUTIBARA,16,CARRERA 65A No. 32B - 120,-75.5832441938044,6.23670918406363,verde,1.0,4930.0,7481.0,65.9,28.0,717.0,665.0,0.0,0.0,0.0,1100.0,0.0,0.0,4930.0,0.0,0.0,0.0,0.0
p0661,I.E.FE Y ALEGRIA GRANIZAL,01,Cra 39A # 104-23,-75.5477471497581,6.29291370227182,amarillo,2.0,787.0,2240.0,35.13,15.0,108.0,180.0,0.0,0.0,0.0,1105.0,0.0,0.0,787.0,0.0,0.0,0.0,0.0
p0662,I.E.FE Y ALEGRIA SAN JOSE,07,CALLE 86 # 92-60,-75.5902793783011,6.29120180505651,verde,1.0,1750.0,3767.0,46.46,17.0,257.0,370.0,0.0,0.0,0.0,1269.0,0.0,0.0,1750.0,0.0,0.0,0.0,0.0
p0663,I.E.FEDERICO CARRASQUILLA,01,Cra 45 # 108-110,-75.549420306043,6.29862704240668,amarillo,2.0,990.0,2738.0,36.16,16.0,149.0,255.0,0.0,0.0,0.0,1269.0,0.0,0.0,990.0,0.0,0.0,0.0,0.0
p0664,I.E.FRANCISCO ANTONIO ZEA,12,KR 82 # 35-40,-75.6039200039357,6.24378173719589,verde,1.0,2734.0,4241.0,64.47,15.0,334.0,507.0,0.0,0.0,0.0,637.0,0.0,0.0,2734.0,0.0,0.0,0.0,0.0
p0665,I.E. FRANCISCO MIRANDA,04,KR 51C # 79-56,-75.5636009050477,6.27408025138281,verde,1.0,4237.0,7927.0,53.45,41.0,681.0,583.0,0.0,0.0,0.0,2240.0,0.0,0.0,4237.0,0.0,0.0,0.0,0.0
p0666,I.E FUNDADORES,13,CR 101 47C 85,-75.6165769430638,6.25940741717377,verde,1.0,2393.0,3739.0,64.0,16.0,321.0,230.0,0.0,0.0,0.0,725.0,0.0,0.0,2393.0,0.0,0.0,0.0,0.0
p0667,I.E. GABRIELA GOMEZ CARVAJAL,09,KR 32 # 34-06,-75.5598219397776,6.23149739939563,verde,1.0,3391.0,6557.0,51.72,28.0,482.0,613.0,0.0,0.0,0.0,1936.0,0.0,0.0,3391.0,0.0,0.0,0.0,0.0
p0668,I.E. GILBERTO ALZATE AVENDAÑO,04,CL 92 # 51A-100,-75.5628083029766,6.28367002845757,verde,1.0,3550.0,6828.0,51.99,33.0,504.0,607.0,0.0,0.0,0.0,2044.0,0.0,0.0,3550.0,0.0,0.0,0.0,0.0
p0669,I.E.GUADALUPANO LA SALLE,09,CALLE 49 No. 17 B 21,-75.5443172964534,6.23633730965703,verde,1.0,3858.0,7075.0,54.53,32.0,614.0,641.0,0.0,0.0,0.0,1830.0,0.0,0.0,3858.0,0.0,0.0,0.0,0.0
p0670,I.E.GUADALUPE,01,Cra 42B 95A -23,-75.5499085739855,6.28682297719246,verde,1.0,1629.0,3662.0,44.48,25.0,251.0,349.0,0.0,0.0,0.0,1337.0,0.0,0.0,1629.0,0.0,0.0,0.0,0.0
p0671,I.E. GUILLERMO VALENCIA,16,CALLE 23 No. 78 - 48,-75.5989446245302,6.2267596271706,verde,1.0,3564.0,5596.0,63.69,23.0,437.0,506.0,0.0,0.0,0.0,1029.0,0.0,0.0,3564.0,0.0,0.0,0.0,0.0
p0672,I.E. HECTOR ABAD GOMEZ,10,CL 50 #39-65,-75.5604212243543,6.24582940681995,verde,1.0,3707.0,7265.0,51.03,31.0,653.0,542.0,0.0,0.0,0.0,2269.0,0.0,0.0,3707.0,0.0,0.0,0.0,0.0
p0673,I.E. HERNAN TORO AGUDELO,03,Cra 45 # 72-80,-75.5548682029275,6.26817765365757,verde,1.0,4599.0,8679.0,52.99,39.0,747.0,853.0,0.0,0.0,0.0,2350.0,0.0,0.0,4599.0,0.0,0.0,0.0,0.0
p0674,I.E HORACIO MUÑOZ SUESCUN,16,CL 32 # 86-35,-75.6094223250079,6.2343334765491,verde,1.0,3451.0,5298.0,65.14,23.0,469.0,431.0,0.0,0.0,0.0,907.0,0.0,0.0,3451.0,0.0,0.0,0.0,0.0
p0675,I.E. INEM JOSE FELIX DE RESTREPO,14,CARRERA 48 No. 1 - 125,-75.5777566830058,6.20654323437735,verde,1.0,5810.0,8171.0,71.11,30.0,1120.0,602.0,0.0,0.0,0.0,598.0,0.0,0.0,5810.0,0.0,0.0,0.0,0.0
p0676,I.E. JAVIERA LONDOÑO,10,CLL 53 No 40-65,-75.5600100695012,6.24863449498976,verde,1.0,1396.0,3036.0,45.98,12.0,199.0,322.0,0.0,0.0,0.0,1081.0,0.0,0.0,1396.0,0.0,0.0,0.0,0.0
p0677,I.E. JAVIERA LONDOÑO SEVILLA,04,CL 71 # 51D-26,-75.5649638976718,6.26794787749851,amarillo,2.0,3159.0,7839.0,40.3,35.0,491.0,824.0,0.0,0.0,0.0,3234.0,0.0,0.0,3159.0,0.0,0.0,0.0,0.0
p0678,I.E. JESUS MARIA VALLE,06,CLL 101 No 83-21,-75.5820951568354,6.30054828350321,verde,1.0,1556.0,3518.0,44.23,16.0,248.0,338.0,0.0,0.0,0.0,1319.0,0.0,0.0,1556.0,0.0,0.0,0.0,0.0
p0679,I.E. JORGE ELIECER GAITAN,06,CALLE 92 # 83-41,-75.5851847365682,6.28997265894836,verde,1.0,1211.0,2512.0,48.21,11.0,200.0,247.0,0.0,0.0,0.0,805.0,0.0,0.0,1211.0,0.0,0.0,0.0,0.0
p0680,I.E. JORGE ROBLEDO,07,CL 65 # 87-74,-75.5974749405571,6.27675611925286,verde,1.0,4221.0,7191.0,58.7,33.0,620.0,538.0,0.0,0.0,0.0,1699.0,0.0,0.0,4221.0,0.0,0.0,0.0,0.0
p0681,I.E. JOSE ANTONIO GALAN,03,KR 44A NO 93-87,-75.5521425524952,6.28504968186149,verde,1.0,3654.0,6854.0,53.31,34.0,524.0,541.0,0.0,0.0,0.0,2013.0,0.0,0.0,3654.0,0.0,0.0,0.0,0.0
p0682,I.E.JOSE CELESTINO MUTIS,08,CALLE 65 No. 45-15,-75.5568615978252,6.25888571928696,verde,1.0,2273.0,4189.0,54.26,16.0,285.0,413.0,0.0,0.0,0.0,1172.0,0.0,0.0,2273.0,0.0,0.0,0.0,0.0
p0683,I.E. JOSE EUSEBIO CARO,04,CR 50 A 93 77,-75.5585851623709,6.28555632503728,verde,1.0,1192.0,2523.0,47.25,10.0,129.0,307.0,0.0,0.0,0.0,866.0,0.0,0.0,1192.0,0.0,0.0,0.0,0.0
p0684,I.E.JOSE MARIA BERNAL,16,KR 70A # 13A-19,-75.5934982727008,6.22030265063591,verde,1.0,5369.0,8008.0,67.05,30.0,637.0,675.0,0.0,0.0,0.0,1260.0,0.0,0.0,5369.0,0.0,0.0,0.0,0.0
p0685,I.E. JOSE MARIA BRAVO MARQUEZ,04,CL 70 # 47A-04,-75.5573440767611,6.2656262512123,verde,1.0,2501.0,4824.0,51.84,22.0,363.0,472.0,0.0,0.0,0.0,1408.0,0.0,0.0,2501.0,0.0,0.0,0.0,0.0
p0686,I.E. JOSE MARIA ESPINOSA PRIETO - CASD,06,CLL 99 No 72-192,-75.5752072857517,6.29681933178432,verde,1.0,845.0,1910.0,44.24,9.0,93.0,248.0,0.0,0.0,0.0,692.0,0.0,0.0,845.0,0.0,0.0,0.0,0.0
p0687,I.E. JUAN DE DIOS CARVAJAL,08,CL 65AA # 36-39,-75.5508542767538,6.25568271878971,verde,1.0,3532.0,5875.0,60.12,26.0,467.0,496.0,0.0,0.0,0.0,1312.0,0.0,0.0,3532.0,0.0,0.0,0.0,0.0
p0688,I.E. JUAN DE LA CRUZ POSADA,08,CL 62 # 39-22,-75.5546442200843,6.25377381594736,verde,1.0,1928.0,3254.0,59.25,14.0,305.0,285.0,0.0,0.0,0.0,685.0,0.0,0.0,1928.0,0.0,0.0,0.0,0.0
p0689,I.E.JUAN MARIA CESPEDES,16,CALLE 32B No. 76A - 48,-75.5968132374163,6.23538752096467,verde,1.0,7575.0,10798.0,70.15,42.0,1163.0,661.0,0.0,0.0,0.0,1322.0,0.0,0.0,7575.0,0.0,0.0,0.0,0.0
p0690,I.E JUAN XXIII,13,CALLE 49 No 96A-11,-75.6104830760072,6.26166754596935,verde,1.0,1707.0,3666.0,46.56,18.0,209.0,389.0,0.0,0.0,0.0,1302.0,0.0,0.0,1707.0,0.0,0.0,0.0,0.0
p0691,I.E. JULIO CESAR GARCIA,05,CL 111A # 65-26,-75.5641480180418,6.30670060077616,verde,1.0,4736.0,7572.0,62.55,30.0,624.0,647.0,0.0,0.0,0.0,1498.0,0.0,0.0,4736.0,0.0,0.0,0.0,0.0
p0692,I.E. KENNEDY,06,CRA 76A No 92-200,-75.581574821758,6.29081850320449,verde,1.0,4096.0,6925.0,59.15,31.0,728.0,470.0,0.0,0.0,0.0,1502.0,0.0,0.0,4096.0,0.0,0.0,0.0,0.0
p0693,I.E.LA ESPERANZA,06,CRA 73B No 96-09,-75.5772824523418,6.29293580740473,verde,1.0,1222.0,2546.0,48.0,11.0,158.0,257.0,0.0,0.0,0.0,845.0,0.0,0.0,1222.0,0.0,0.0,0.0,0.0
p0694,I.E.LA INDEPENDENCIA,13,CALLE 39D No. 112 - 81,-75.6247248063216,6.25304005738178,verde,1.0,3943.0,7461.0,52.85,38.0,764.0,587.0,0.0,0.0,0.0,1983.0,0.0,0.0,3943.0,0.0,0.0,0.0,0.0
p0695,I.E. LA MILAGROSA,09,KR 29 # 41-14,-75.5547939681333,6.23523297056735,verde,1.0,6690.0,11216.0,59.65,47.0,915.0,961.0,0.0,0.0,0.0,2514.0,0.0,0.0,6690.0,0.0,0.0,0.0,0.0
p0696,I.E. LA PIEDAD,12,KR 81 NO 54 71,-75.5966513152959,6.26922882872936,verde,1.0,3225.0,5567.0,57.93,24.0,512.0,453.0,0.0,0.0,0.0,1285.0,0.0,0.0,3225.0,0.0,0.0,0.0,0.0
p0697,I.E. LA SALLE DE CAMPOAMOR,15,CARRERA 65B No. 4 - 49,-75.5875289851241,6.21240316798126,verde,1.0,3570.0,5777.0,61.8,21.0,421.0,654.0,0.0,0.0,0.0,1066.0,0.0,0.0,3570.0,0.0,0.0,0.0,0.0
p0698,I.E. LUCRECIO JARAMILLO VELEZ,11,KR 79 # 38-59,-75.5995303187069,6.24625779767075,verde,1.0,7601.0,10266.0,74.04,39.0,1200.0,540.0,0.0,0.0,0.0,848.0,0.0,0.0,7601.0,0.0,0.0,0.0,0.0
p0699,I.E. LUIS CARLOS GALAN SARMIENTO,08,CRA 24B No 57EE-45,-75.5467260424952,6.25028624480438,amarillo,2.0,1187.0,3217.0,36.9,17.0,152.0,260.0,0.0,0.0,0.0,1542.0,0.0,0.0,1187.0,0.0,0.0,0.0,0.0
p0700,I.E.MAESTRO FERNANDO BOTERO,06,CL 104 # 72A-80,-75.5720213589944,6.30148996475826,verde,1.0,3721.0,6432.0,57.85,28.0,551.0,565.0,0.0,0.0,0.0,1454.0,0.0,0.0,3721.0,0.0,0.0,0.0,0.0
p0701,I.E. MANUEL J. BETANCUR,80,CRA 81 No 43 SUR - 38,-75.6574450672137,6.18357371538755,verde,1.0,4504.0,8704.0,51.75,40.0,533.0,780.0,0.0,0.0,0.0,2705.0,0.0,0.0,4504.0,0.0,0.0,0.0,0.0
p0702,I.E. MANUEL JOSÉ CAYZEDO,09,CL 50 29 82,-75.5521812099727,6.24148474040795,verde,1.0,2817.0,5488.0,51.33,28.0,366.0,477.0,0.0,0.0,0.0,1745.0,0.0,0.0,2817.0,0.0,0.0,0.0,0.0
p0703,I.E. MANUELA BELTRAN,03,KR 37 # 71-47,-75.548744891352,6.26624613151744,verde,1.0,2873.0,5039.0,57.02,25.0,627.0,347.0,0.0,0.0,0.0,1029.0,0.0,0.0,2873.0,0.0,0.0,0.0,0.0
p0704,I.E. MARCO FIDEL SUAREZ,11,CR 70 49 70,-75.5860482337413,6.25769134682662,verde,1.0,3899.0,6354.0,61.36,27.0,622.0,535.0,0.0,0.0,0.0,1237.0,0.0,0.0,3899.0,0.0,0.0,0.0,0.0
p0705,I.E. MARIA MONTESSORI,05,KR 69A # 92C-87,-75.5750186974111,6.28689479287319,verde,1.0,4979.0,9128.0,54.55,38.0,777.0,825.0,0.0,0.0,0.0,2385.0,0.0,0.0,4979.0,0.0,0.0,0.0,0.0
p0706,I.E.MARISCAL ROBLEDO,07,CALLE 65 # 84-87,-75.5958987641504,6.27532207286232,verde,1.0,1924.0,3766.0,51.09,20.0,239.0,375.0,0.0,0.0,0.0,1172.0,0.0,0.0,1924.0,0.0,0.0,0.0,0.0
p0707,I.E. MATER DEI,11,KR 68 # 42-70,-75.5860753752496,6.24747503637671,verde,1.0,4675.0,6706.0,69.71,26.0,748.0,466.0,0.0,0.0,0.0,777.0,0.0,0.0,4675.0,0.0,0.0,0.0,0.0
p0708,"I.E. MONSEÑOR FRANCISCO CRISTOBAL
TORO",04,Cra 50D # 90-49,-75.5603767127427,6.2823284600121,verde,1.0,3688.0,6529.0,56.49,30.0,550.0,556.0,0.0,0.0,0.0,1614.0,0.0,0.0,3688.0,0.0,0.0,0.0,0.0
p0709,"I.E. MONTECARLO GUILLERMO GAVIRIA
CORREA",03,CARRERA 36 # 85 B 140,-75.5461153905296,6.27833640743124,verde,1.0,4079.0,8617.0,47.34,44.0,801.0,724.0,0.0,0.0,0.0,2790.0,0.0,0.0,4079.0,0.0,0.0,0.0,0.0
p0710,I.E. NUEVO HORIZONTE - PAULO VI,01,KR 42B # 110 A 28,-75.5462122714294,6.2987706100036,verde,1.0,2011.0,3754.0,53.57,29.0,340.0,238.0,0.0,0.0,0.0,1034.0,0.0,0.0,2011.0,0.0,0.0,0.0,0.0
p0711,I.E. OCTAVIO HARRY - JACQUELINE KENNEDY,16,CL 17 # 73-37,-75.5958344784501,6.22234766421873,verde,1.0,3690.0,5446.0,67.76,20.0,443.0,456.0,0.0,0.0,0.0,821.0,0.0,0.0,3690.0,0.0,0.0,0.0,0.0
p0712,"I.E. PBRO ANTONIO JOSE BERNAL LONDOÑO
SJ",05,CL 105A # 63A-200,-75.5593288501883,6.30165634274362,verde,1.0,3564.0,6888.0,51.74,39.0,399.0,739.0,0.0,0.0,0.0,2059.0,0.0,0.0,3564.0,0.0,0.0,0.0,0.0
p0713,I.E. PRESBITERO JUAN J. ESCOBAR,60,CLL 62 No 128-120,-75.6345658907119,6.27830527287513,verde,1.0,1866.0,3738.0,49.92,16.0,235.0,316.0,0.0,0.0,0.0,1241.0,0.0,0.0,1866.0,0.0,0.0,0.0,0.0
p0714,I.E. PROGRESAR,06,KR 83A # 106 D 5,-75.5806119376322,6.30867001761418,verde,1.0,2185.0,3976.0,54.95,21.0,370.0,275.0,0.0,0.0,0.0,1034.0,0.0,0.0,2185.0,0.0,0.0,0.0,0.0
p0715,I.E.RAMON GIRALDO CEBALLOS,16,CL 21 NO 82A 56,-75.6045128697098,6.22648377856429,verde,1.0,4721.0,7208.0,65.5,30.0,657.0,503.0,0.0,0.0,0.0,1229.0,0.0,0.0,4721.0,0.0,0.0,0.0,0.0
p0716,I.E.RAMON MUNERA LOPERA,03,Cra 30A # 77 - 04,-75.5435104396701,6.2697246631395,amarillo,2.0,1360.0,3813.0,35.67,19.0,254.0,280.0,0.0,0.0,0.0,1813.0,0.0,0.0,1360.0,0.0,0.0,0.0,0.0
p0717,I.E. REPUBLICA DE HONDURAS,02,KR 50B # 97A-30,-75.5595224554281,6.2907863103933,verde,1.0,2823.0,5843.0,48.31,27.0,384.0,474.0,0.0,0.0,0.0,2027.0,0.0,0.0,2823.0,0.0,0.0,0.0,0.0
p0718,I.E. REPUBLICA DE URUGUAY,05,CL 91A No 70A-123,-75.5769027005561,6.28378846218399,verde,1.0,4600.0,7973.0,57.69,35.0,683.0,640.0,0.0,0.0,0.0,1910.0,0.0,0.0,4600.0,0.0,0.0,0.0,0.0
p0719,I.E.REPUBLICA DE VENEZUELA,16,CL 31C 89C 92,-75.6145057278013,6.23476930321355,verde,1.0,2732.0,4345.0,62.88,20.0,357.0,327.0,0.0,0.0,0.0,836.0,0.0,0.0,2732.0,0.0,0.0,0.0,0.0
p0720,I.E. SAN FRANCISCO DE ASIS,08,CL 56 # 16-18,-75.5395474834545,6.23857340772382,verde,1.0,2004.0,4408.0,45.46,24.0,316.0,319.0,0.0,0.0,0.0,1640.0,0.0,0.0,2004.0,0.0,0.0,0.0,0.0
p0721,I.E.SAN JUAN BOSCO,04,CALLE 82 # 50C-10,-75.5611061968305,6.27587629643252,verde,1.0,1195.0,2426.0,49.26,10.0,167.0,258.0,0.0,0.0,0.0,770.0,0.0,0.0,1195.0,0.0,0.0,0.0,0.0
p0722,I. E. SAN ROBERTO BELARMINO,16,CALLE 32B No. 83 - 39,-75.6061813981858,6.2356345876531,verde,1.0,2064.0,3781.0,54.59,15.0,242.0,502.0,0.0,0.0,0.0,937.0,0.0,0.0,2064.0,0.0,0.0,0.0,0.0
p0723,I.E. SAN VICENTE DE PAUL,07,KR 71A # 79D-01,-75.5788320327111,6.27897790558016,verde,1.0,3949.0,6599.0,59.84,28.0,580.0,597.0,0.0,0.0,0.0,1400.0,0.0,0.0,3949.0,0.0,0.0,0.0,0.0
p0724,I.E. SANTA JUANA DE LESTONNAC,06,CRA 76A No 103C-43,-75.5754075677719,6.30252233897,verde,1.0,2183.0,4951.0,44.09,23.0,261.0,677.0,0.0,0.0,0.0,1756.0,0.0,0.0,2183.0,0.0,0.0,0.0,0.0
p0725,I.E.SANTA ROSA DE LIMA,12,CALLE 45G No. 80-95,-75.5994828222659,6.25559563678819,verde,1.0,2854.0,5304.0,53.81,19.0,409.0,670.0,0.0,0.0,0.0,1320.0,0.0,0.0,2854.0,0.0,0.0,0.0,0.0
p0726,I.E.SEBASTIAN DE BELALCAZAR,05,CALLE 103EE # 63D-185,-75.5654747044515,6.29857330416552,verde,1.0,1082.0,2072.0,52.22,9.0,118.0,174.0,0.0,0.0,0.0,660.0,0.0,0.0,1082.0,0.0,0.0,0.0,0.0
p0727,I.E.SOL DE ORIENTE,08,CARRERA 23 No. 56EH - 200,-75.5407350999079,6.2448895900847,amarillo,2.0,621.0,1672.0,37.14,10.0,105.0,121.0,0.0,0.0,0.0,788.0,0.0,0.0,621.0,0.0,0.0,0.0,0.0
p0728,I.E.STELLA VELEZ LONDOÑO,13,CALLE 48DD No. 99D-118,-75.6160129157522,6.26828953067779,verde,1.0,581.0,1351.0,43.01,7.0,105.0,122.0,0.0,0.0,0.0,509.0,0.0,0.0,581.0,0.0,0.0,0.0,0.0
p0729,I.E. TULIO OSPINA,10,CL 60 51 48,-75.5661647546528,6.25913818687928,verde,1.0,2967.0,5293.0,56.06,28.0,571.0,311.0,0.0,0.0,0.0,1355.0,0.0,0.0,2967.0,0.0,0.0,0.0,0.0
p0730,I.E. VILLA DE LA CANDELARIA,07,CALLE 77A # 90D-35,-75.5937074592012,6.28497087100706,verde,1.0,3713.0,6624.0,56.05,32.0,546.0,551.0,0.0,0.0,0.0,1655.0,0.0,0.0,3713.0,0.0,0.0,0.0,0.0
p0731,I.T.M. (CAMPUS FRATERNIDAD),08,CALLE 54A No. 30-01,-75.551051486743,6.24533992689748,amarillo,2.0,1012.0,2461.0,41.12,11.0,130.0,267.0,0.0,0.0,0.0,1017.0,0.0,0.0,1012.0,0.0,0.0,0.0,0.0
p0732,I.T.M. (PRADO CENTRO),10,CRA 51 No 58-69,-75.5661269265486,6.25765603902853,verde,1.0,998.0,2322.0,42.98,10.0,173.0,220.0,0.0,0.0,0.0,897.0,0.0,0.0,998.0,0.0,0.0,0.0,0.0
p0733,IE ALFONSO UPEGUI OROZCO,60,CALLE 64B No 117 177,-75.6104936303419,6.28749804986136,verde,1.0,1567.0,2777.0,56.43,10.0,178.0,238.0,0.0,0.0,0.0,757.0,0.0,0.0,1567.0,0.0,0.0,0.0,0.0
p0734,IE ANGELA RESTREPO MORENO,80,CARRERA 55 No 48C SUR 90,-75.6373000185545,6.17760376812157,verde,1.0,899.0,2171.0,41.41,9.0,118.0,250.0,0.0,0.0,0.0,861.0,0.0,0.0,899.0,0.0,0.0,0.0,0.0
p0735,IE ANTONIO DERKA,01,CRA 28 No 107-425,-75.5390890085351,6.29717237453504,amarillo,2.0,911.0,2855.0,31.91,21.0,142.0,212.0,0.0,0.0,0.0,1515.0,0.0,0.0,911.0,0.0,0.0,0.0,0.0
p0736,IE ANTONIO RICAURTE,16,CRA 80 No 2-11,-75.6031486395551,6.21132757464716,verde,1.0,2196.0,4307.0,50.99,17.0,261.0,505.0,0.0,0.0,0.0,1272.0,0.0,0.0,2196.0,0.0,0.0,0.0,0.0
p0737,IE ARZOBISPO TULIO BOTERO SALAZAR,09,CLL 49A No 03A - 006,-75.5324075033174,6.22995926801674,verde,1.0,817.0,1949.0,41.92,9.0,115.0,163.0,0.0,0.0,0.0,811.0,0.0,0.0,817.0,0.0,0.0,0.0,0.0
p0738,IE AURES,07,CRA 96A No 77E-15,-75.5965264135842,6.29020770870989,verde,1.0,1429.0,3323.0,43.0,16.0,187.0,306.0,0.0,0.0,0.0,1330.0,0.0,0.0,1429.0,0.0,0.0,0.0,0.0
p0739,IE BARRIO OLAYA HERRERA,07,CRA 101C No 58-44,-75.6098868114957,6.27415392016368,amarillo,2.0,419.0,1151.0,36.4,8.0,82.0,106.0,0.0,0.0,0.0,505.0,0.0,0.0,419.0,0.0,0.0,0.0,0.0
p0740,IE BELLO ORIENTE,03,CRA 23B No 84B-27,-75.5380888046019,6.27697368609386,amarillo,2.0,378.0,1021.0,37.02,8.0,68.0,54.0,0.0,0.0,0.0,478.0,0.0,0.0,378.0,0.0,0.0,0.0,0.0
p0741,IE DIEGO ECHAVARRIA MISAS,05,CALLE 111 No 70 68,-75.5691390153103,6.30827724713486,verde,1.0,4615.0,7799.0,59.17,32.0,582.0,716.0,0.0,0.0,0.0,1783.0,0.0,0.0,4615.0,0.0,0.0,0.0,0.0
p0742,IE ESC NORMAL SUPERIOR DE MEDELLIN,08,CRA 34 No 65 - 02,-75.5487256699892,6.2540472460294,verde,1.0,882.0,1920.0,45.94,9.0,86.0,205.0,0.0,0.0,0.0,724.0,0.0,0.0,882.0,0.0,0.0,0.0,0.0
p0743,IE FE Y ALEGRIA EL LIMONAR,80,CL 55 SUR No 60 A-13 SAN ANTONIO DE PRADO,-75.6420677322165,6.17466597521106,verde,1.0,2302.0,5308.0,43.37,26.0,378.0,459.0,0.0,0.0,0.0,2031.0,0.0,0.0,2302.0,0.0,0.0,0.0,0.0
p0744,IE FE Y ALEGRIA LUIS AMIGO MORAVIA,04,CARRERA 58 No 84 40,-75.5664174750535,6.27912086657518,amarillo,2.0,603.0,1537.0,39.23,8.0,87.0,109.0,0.0,0.0,0.0,698.0,0.0,0.0,603.0,0.0,0.0,0.0,0.0
p0745,IE FEDERICO OZANAM,09,CRA.36 No 45 - 08,-75.5584159114727,6.24048941697571,verde,1.0,4613.0,7679.0,60.07,34.0,641.0,667.0,0.0,0.0,0.0,1664.0,0.0,0.0,4613.0,0.0,0.0,0.0,0.0
p0746,IE FELIX DE BEDOUT MORENO,05,CLL 108 No 70-39,-75.5694177578519,6.30611590349176,verde,1.0,1654.0,3116.0,53.08,12.0,174.0,392.0,0.0,0.0,0.0,862.0,0.0,0.0,1654.0,0.0,0.0,0.0,0.0
p0747,IE FELIX HENAO BOTERO,08,CLL 52 No 23-51,-75.5466627764279,6.24091294655442,verde,1.0,2414.0,4942.0,48.85,24.0,398.0,409.0,0.0,0.0,0.0,1614.0,0.0,0.0,2414.0,0.0,0.0,0.0,0.0
p0748,IE GABRIEL GARCIA MARQUEZ,08,CRA 8A No. 57A - 93,-75.5334414025586,6.23665323672125,amarillo,2.0,300.0,759.0,39.53,4.0,37.0,53.0,0.0,0.0,0.0,348.0,0.0,0.0,300.0,0.0,0.0,0.0,0.0
p0749,IE HECTOR ROGELIO MONTOYA,50,CLL 20 No 32-60,-75.688248605825,6.34336020428622,verde,1.0,914.0,1579.0,57.88,8.0,175.0,93.0,0.0,0.0,0.0,339.0,0.0,0.0,914.0,0.0,0.0,0.0,0.0
p0750,IE JESUS REY,07,CRA 88 No 77A-11,-75.5921685363698,6.28333392006294,verde,1.0,2263.0,4625.0,48.93,19.0,262.0,556.0,0.0,0.0,0.0,1498.0,0.0,0.0,2263.0,0.0,0.0,0.0,0.0
p0751,IE JOSE ROBERTO VASQUEZ,03,CLL 76 No 39-160,-75.5501290389965,6.26865596034991,amarillo,2.0,878.0,2194.0,40.02,11.0,94.0,268.0,0.0,0.0,0.0,915.0,0.0,0.0,878.0,0.0,0.0,0.0,0.0
p0752,IE LA AVANZADA,01,CRA 27 No 106BB-65,-75.5391284619583,6.29436880187274,amarillo,2.0,326.0,946.0,34.46,7.0,93.0,66.0,0.0,0.0,0.0,425.0,0.0,0.0,326.0,0.0,0.0,0.0,0.0
p0753,IE LAS NIEVES,03,CLL 82 No 39 - 69,-75.5491439774032,6.27357067226893,verde,1.0,3479.0,7348.0,47.35,35.0,508.0,660.0,0.0,0.0,0.0,2495.0,0.0,0.0,3479.0,0.0,0.0,0.0,0.0
p0754,IE LOLA GONZALEZ,12,CLL 47F No 94-63,-75.6115481841428,6.25726558343568,verde,1.0,2376.0,4390.0,54.12,16.0,288.0,571.0,0.0,0.0,0.0,1110.0,0.0,0.0,2376.0,0.0,0.0,0.0,0.0
p0755,IE LOMA HERMOSA,60,CRA 123B No 53B-05,-75.6296731872888,6.27051991061553,verde,1.0,899.0,2025.0,44.4,9.0,191.0,179.0,0.0,0.0,0.0,699.0,0.0,0.0,899.0,0.0,0.0,0.0,0.0
p0756,IE LORENZA VILLEGAS DE SANTOS,04,CRA 51 No 87 - 40,-75.560930831415,6.28036726498752,verde,1.0,1200.0,2530.0,47.43,10.0,143.0,268.0,0.0,0.0,0.0,892.0,0.0,0.0,1200.0,0.0,0.0,0.0,0.0
p0757,IE LUSITANIA,60,CRA 109A No 63B-320,-75.6181552722993,6.27915442365875,verde,1.0,3009.0,7101.0,42.37,31.0,532.0,579.0,0.0,0.0,0.0,2803.0,0.0,0.0,3009.0,0.0,0.0,0.0,0.0
p0758,IE MADRE LAURA,09,CLL 45 No 22A - 81,-75.5508062451402,6.23531574500706,verde,1.0,1297.0,2599.0,49.9,11.0,169.0,307.0,0.0,0.0,0.0,795.0,0.0,0.0,1297.0,0.0,0.0,0.0,0.0
p0759,IE MARIA DE LOS ANGELES CANO MARQUEZ,01,CR 36B 102C 54,-75.5445017815333,6.2922813542767,verde,1.0,1862.0,4412.0,42.2,25.0,292.0,397.0,0.0,0.0,0.0,1710.0,0.0,0.0,1862.0,0.0,0.0,0.0,0.0
p0760,IE MERCEDITAS GOMEZ MARTINEZ,09,CL 45 # 18-03,-75.5467129711514,6.23371217333763,verde,1.0,3571.0,6906.0,51.71,29.0,532.0,661.0,0.0,0.0,0.0,2030.0,0.0,0.0,3571.0,0.0,0.0,0.0,0.0
p0761,IE MON GERARDO VALENCIA CANO,07,CL 65 # 74 B - 273,-75.5877162141305,6.26911660077704,verde,1.0,2027.0,3771.0,53.75,15.0,329.0,422.0,0.0,0.0,0.0,950.0,0.0,0.0,2027.0,0.0,0.0,0.0,0.0
p0762,IE MONSEÑOR VICTOR WIEDEMANN,80,DIAG 60E No. 41A SUR - 30,-75.6420972100068,6.18398125719504,verde,1.0,2168.0,4451.0,48.71,17.0,264.0,517.0,0.0,0.0,0.0,1431.0,0.0,0.0,2168.0,0.0,0.0,0.0,0.0
p0763,IE PEDRO OCTAVIO AMADO,16,CR 88A 18A 5,-75.6105420549098,6.22207649085063,verde,1.0,645.0,1248.0,51.68,6.0,68.0,98.0,0.0,0.0,0.0,409.0,0.0,0.0,645.0,0.0,0.0,0.0,0.0
p0764,"IE RODRIGO LARA BONILLA - SEDE LA
SUSANA",03,KR 41B # 66E-50,-75.5523536203906,6.26221079885131,verde,1.0,2272.0,4396.0,51.68,23.0,296.0,412.0,0.0,0.0,0.0,1336.0,0.0,0.0,2272.0,0.0,0.0,0.0,0.0
p0765,IE SAN ANTONIO DE PRADO,80,CRA 79 No. 42 SUR - 39,-75.6561799169431,6.18432268297667,verde,1.0,5822.0,10153.0,57.34,45.0,951.0,785.0,0.0,0.0,0.0,2341.0,0.0,0.0,5822.0,0.0,0.0,0.0,0.0
p0766,IE SAN CRISTOBAL,60,CRA 131 No 65-7,-75.6365748499903,6.28063201472805,verde,1.0,4084.0,7113.0,57.42,37.0,808.0,486.0,0.0,0.0,0.0,1573.0,0.0,0.0,4084.0,0.0,0.0,0.0,0.0
p0767,IE SAN JUAN BAUTISTA DE LA SALLE,03,CLL 93 No 40-42,-75.5493012091244,6.2844137821233,amarillo,2.0,1163.0,2865.0,40.59,14.0,180.0,295.0,0.0,0.0,0.0,1184.0,0.0,0.0,1163.0,0.0,0.0,0.0,0.0
p0768,IE YERMO Y PARRES,16,CALLE 28 No 77 84,-75.5977483642776,6.22925390449389,verde,1.0,678.0,1245.0,54.46,5.0,101.0,169.0,0.0,0.0,0.0,284.0,0.0,0.0,678.0,0.0,0.0,0.0,0.0
p0769,INST.EDUC. LA CANDELARIA,01,CL 106 # 32-100,-75.5423206007391,6.29349116166773,verde,1.0,2929.0,6346.0,46.16,44.0,561.0,480.0,0.0,0.0,0.0,2157.0,0.0,0.0,2929.0,0.0,0.0,0.0,0.0
p0770,INST. FERRINI - SD CALASANZ,12,CLL 51A No 81B - 33,-75.5986717881114,6.26511529115889,verde,1.0,3033.0,5564.0,54.51,20.0,400.0,722.0,0.0,0.0,0.0,1356.0,0.0,0.0,3033.0,0.0,0.0,0.0,0.0
p0771,INST. SALESIANO PEDRO JUSTO BERRIO,16,CRA 87A 32A 101,-75.6112290401909,6.23679368772765,verde,1.0,784.0,1498.0,52.34,6.0,106.0,240.0,0.0,0.0,0.0,346.0,0.0,0.0,784.0,0.0,0.0,0.0,0.0
p0772,INST. UNIVERSITARIA SALAZAR Y HERRERA,11,CR 70 52 49,-75.5853604985364,6.26031234804372,verde,1.0,169.0,297.0,56.9,2.0,17.0,20.0,0.0,0.0,0.0,89.0,0.0,0.0,169.0,0.0,0.0,0.0,0.0
p0773,INSTITUCION EDUCATIVA ROSALIA SUAREZ,16,CLL 30A # 80 -18,-75.5971931689239,6.23268787050543,verde,1.0,2244.0,3811.0,58.88,13.0,284.0,438.0,0.0,0.0,0.0,810.0,0.0,0.0,2244.0,0.0,0.0,0.0,0.0
p0774,INSTITUTO FERRINI - SEDE ROBLEDO,07,CALLE 76 # 80-431,-75.5922695190442,6.27800378421183,verde,1.0,4375.0,9050.0,48.34,39.0,509.0,1091.0,0.0,0.0,0.0,2955.0,0.0,0.0,4375.0,0.0,0.0,0.0,0.0
p0775,INSTITUTO JORGE ROBLEDO,11,CL 51 # 65 - 72,-75.5817694954761,6.25835987273479,verde,1.0,3624.0,6511.0,55.66,25.0,746.0,617.0,0.0,0.0,0.0,1457.0,0.0,0.0,3624.0,0.0,0.0,0.0,0.0
p0776,INSTITUTO SAN CARLOS,16,DIAG. 79 # 15-123,-75.6001668584475,6.22330094979852,verde,1.0,5675.0,8208.0,69.14,30.0,837.0,757.0,0.0,0.0,0.0,883.0,0.0,0.0,5675.0,0.0,0.0,0.0,0.0
p0777,ITM CASTILLA,05,CR 65 No 98 A - 75,-75.5693422455966,6.29391365140096,verde,1.0,5463.0,10658.0,51.26,49.0,707.0,1056.0,0.0,0.0,0.0,3226.0,0.0,0.0,5463.0,0.0,0.0,0.0,0.0
p0778,LICEO SALAZAR Y HERRERA,12,CLL 42C No 86-17,-75.6058783517261,6.24871119552243,verde,1.0,6976.0,11145.0,62.59,40.0,899.0,1215.0,0.0,0.0,0.0,1966.0,0.0,0.0,6976.0,0.0,0.0,0.0,0.0
p0779,LICEO SAN RAFAEL,16,CL 30A 79 12,-75.5994336235967,6.23217305556297,verde,1.0,3313.0,5475.0,60.51,20.0,472.0,564.0,0.0,0.0,0.0,1069.0,0.0,0.0,3313.0,0.0,0.0,0.0,0.0
p0780,PAR. BIBLIOTECA JOSE HORACIO BETANCUR,80,CLL 50 E SUR 75 A - 94,-75.6544411347605,6.17730916600349,verde,1.0,1420.0,3064.0,46.34,12.0,190.0,317.0,0.0,0.0,0.0,1076.0,0.0,0.0,1420.0,0.0,0.0,0.0,0.0
p0781,PARQUE BIBLIOTECA FERNANDO BOTERO,60,CRA 131 No 62-15,-75.6370240039281,6.27796461870563,verde,1.0,3843.0,7024.0,54.71,37.0,590.0,589.0,0.0,0.0,0.0,1827.0,0.0,0.0,3843.0,0.0,0.0,0.0,0.0
p0782,"PARROQ SAN JOSEMARIA ESCRIVA DE
BALAGUER",70,CL 31 AA 107 50,-75.6266386495976,6.23421069653538,verde,1.0,250.0,452.0,55.31,2.0,51.0,19.0,0.0,0.0,0.0,116.0,0.0,0.0,250.0,0.0,0.0,0.0,0.0
p0783,PLAZA MAYOR CTRO EXPOS. CONVEN,00,CL 41 # 55 - 35,-75.5760240034378,6.24095421535395,verde,1.0,8915.0,13552.0,65.78,56.0,1139.0,991.0,0.0,0.0,0.0,2319.0,0.0,0.0,8915.0,0.0,0.0,0.0,0.0
p0784,PLAZA MINORISTA JOSE MARIA VILLA,10,CL 55A 57 80,-75.5734699504216,6.25765815608858,verde,1.0,332.0,595.0,55.8,3.0,60.0,25.0,0.0,0.0,0.0,163.0,0.0,0.0,332.0,0.0,0.0,0.0,0.0
p0785,POLITECNICO JAIME ISAZA CADAVID,14,CARRERA 48 No. 7 - 151,-75.5772480029686,6.21305642049499,verde,1.0,6849.0,10737.0,63.79,38.0,1237.0,1034.0,0.0,0.0,0.0,1541.0,0.0,0.0,6849.0,0.0,0.0,0.0,0.0
p0786,"RECLUSION DE MUJERES PEDREGAL
MEDELLIN",00,"KM 6 VIA AL MAR FINCA LA
TERES",-75.6280858137048,6.28356130143789,amarillo,2.0,14.0,43.0,32.56,1.0,3.0,3.0,0.0,0.0,0.0,22.0,0.0,0.0,14.0,0.0,0.0,0.0,0.0
p0787,SEC. COL. AGUSTIN NIETO CABALLERO,10,KR 40 # 59A-21,-75.5573188063355,6.25266707127413,verde,1.0,1291.0,2324.0,55.55,10.0,239.0,140.0,0.0,0.0,0.0,625.0,0.0,0.0,1291.0,0.0,0.0,0.0,0.0
p0788,SEC.CONCENTRACION EDUC.KENNEDY,06,CRA 76 A # 92-131,-75.5818946826081,6.29044082120332,verde,1.0,2433.0,4982.0,48.84,23.0,349.0,543.0,0.0,0.0,0.0,1557.0,0.0,0.0,2433.0,0.0,0.0,0.0,0.0
p0789,SEC.ESC.AGRIPINA MONTES DEL VALLE,01,CALLE 95 #42 B 44,-75.5502659868118,6.28659434443413,verde,1.0,2170.0,3964.0,54.74,22.0,488.0,268.0,0.0,0.0,0.0,928.0,0.0,0.0,2170.0,0.0,0.0,0.0,0.0
p0790,SEC.ESC. AGRUPACION COLOMBIA,11,CL 44A # 75-68,-75.595119112568,6.25071752235642,verde,1.0,5217.0,7285.0,71.61,28.0,756.0,416.0,0.0,0.0,0.0,839.0,0.0,0.0,5217.0,0.0,0.0,0.0,0.0
p0791,SEC. ESC. AMOR AL NIÑO,13,CR 115 39BD 06,-75.6248593685902,6.25324918926772,amarillo,2.0,940.0,2433.0,38.64,13.0,160.0,214.0,0.0,0.0,0.0,1061.0,0.0,0.0,940.0,0.0,0.0,0.0,0.0
p0792,SEC. ESC. ARZOBISPO GARCIA,02,KR 49 # 98-48,-75.556001844875,6.29012490159723,verde,1.0,3059.0,5970.0,51.24,29.0,517.0,499.0,0.0,0.0,0.0,1775.0,0.0,0.0,3059.0,0.0,0.0,0.0,0.0
p0793,SEC. ESC. BALDOMERO SANIN CANO,03,CR 37 75A 2,-75.5482673472501,6.26904844797042,verde,1.0,1524.0,3519.0,43.31,20.0,219.0,334.0,0.0,0.0,0.0,1358.0,0.0,0.0,1524.0,0.0,0.0,0.0,0.0
p0794,SEC. ESC. BETANIA,13,CR 110A 34 82,-75.6226885277241,6.24629391111066,verde,1.0,3299.0,5600.0,58.91,27.0,457.0,429.0,0.0,0.0,0.0,1286.0,0.0,0.0,3299.0,0.0,0.0,0.0,0.0
p0795,SEC. ESC. CARLOS OBANDO VELASCO,11,CRA 67A No 42-24,-75.5854983842642,6.24673496727358,verde,1.0,974.0,1575.0,61.84,6.0,128.0,175.0,0.0,0.0,0.0,285.0,0.0,0.0,974.0,0.0,0.0,0.0,0.0
p0796,SEC. ESC. CARPINELO AMAPOLITA,01,CALLE 97 # 23-12,-75.5382524545343,6.28690166227518,amarillo,2.0,435.0,1233.0,35.28,7.0,114.0,62.0,0.0,0.0,0.0,565.0,0.0,0.0,435.0,0.0,0.0,0.0,0.0
p0797,SEC ESC CRISTO REY APOLO,15,CRA 50G No 3SUR-34,-75.583687767027,6.20450835044405,verde,1.0,1397.0,2605.0,53.63,10.0,182.0,343.0,0.0,0.0,0.0,648.0,0.0,0.0,1397.0,0.0,0.0,0.0,0.0
p0798,SEC. ESC. DIVINA PROVIDENCIA,01,CL 108 NO 43B - 17,-75.5491582190566,6.2975553113832,verde,1.0,2104.0,4638.0,45.36,34.0,342.0,392.0,0.0,0.0,0.0,1649.0,0.0,0.0,2104.0,0.0,0.0,0.0,0.0
p0799,SEC.ESC. EL DIAMANTE,07,CL 79A # 86-09,-75.5871971239626,6.28520345049698,verde,1.0,3449.0,5730.0,60.19,25.0,541.0,403.0,0.0,0.0,0.0,1230.0,0.0,0.0,3449.0,0.0,0.0,0.0,0.0
p0800,SEC. ESC. EL PEDREGAL,06,CLL 104E No 74-109,-75.5728664236175,6.30334006271393,verde,1.0,1289.0,2958.0,43.58,15.0,141.0,401.0,0.0,0.0,0.0,1090.0,0.0,0.0,1289.0,0.0,0.0,0.0,0.0
p0801,SEC.ESC.EL SOCORRO,13,CARRERA 102B No. 47B - 32,-75.6185430186657,6.25955270349591,verde,1.0,1366.0,3238.0,42.19,18.0,156.0,384.0,0.0,0.0,0.0,1245.0,0.0,0.0,1366.0,0.0,0.0,0.0,0.0
p0802,SEC. ESC. FIDEL ANTONIO SALDARRIAGA,02,CRA 48 No 103B-01,-75.5538980576811,6.29402005807331,verde,1.0,2248.0,4661.0,48.23,25.0,365.0,346.0,0.0,0.0,0.0,1545.0,0.0,0.0,2248.0,0.0,0.0,0.0,0.0
p0803,SEC. ESC. GUILLERMO ECHAVARRIA MISAS,14,CRA 43B No 9-61,-75.5713495831761,6.21064991099361,verde,1.0,1399.0,2118.0,66.05,8.0,310.0,186.0,0.0,0.0,0.0,209.0,0.0,0.0,1399.0,0.0,0.0,0.0,0.0
p0804,SEC. ESC. JOSE DE SAN MARTIN,09,CL 39 # 38- 21,-75.5627515557534,6.23748430283596,verde,1.0,4760.0,8339.0,57.08,35.0,613.0,777.0,0.0,0.0,0.0,2073.0,0.0,0.0,4760.0,0.0,0.0,0.0,0.0
p0805,SEC. ESC. JUAN CANCIO RESTREPO,09,CLL 45 No 31-63,-75.5554700448286,6.23847367980456,verde,1.0,642.0,1335.0,48.09,6.0,74.0,156.0,0.0,0.0,0.0,442.0,0.0,0.0,642.0,0.0,0.0,0.0,0.0
p0806,SEC ESC JUAN DE DIOS ARANZAZU,13,CLL 42 No 105 - 42,-75.6199631874349,6.25541349608787,verde,1.0,1174.0,2352.0,49.91,9.0,155.0,189.0,0.0,0.0,0.0,793.0,0.0,0.0,1174.0,0.0,0.0,0.0,0.0
p0807,SEC ESC JUAN NEPOMUCENO MORALES,60,CALLE 62 No 127 6,-75.6320606964533,6.2790176543896,verde,1.0,944.0,1949.0,48.44,10.0,114.0,238.0,0.0,0.0,0.0,616.0,0.0,0.0,944.0,0.0,0.0,0.0,0.0
p0808,SEC.ESC.JULIA AGUDELO,08,CL 58 # 28-58,-75.5489175623223,6.24982456301068,verde,1.0,5574.0,10727.0,51.96,54.0,983.0,750.0,0.0,0.0,0.0,3166.0,0.0,0.0,5574.0,0.0,0.0,0.0,0.0
p0809,SEC ESC JULIO ARBOLEDA,04,CR 51 78 12,-75.5625270968661,6.27284114134122,verde,1.0,661.0,1496.0,44.18,7.0,88.0,132.0,0.0,0.0,0.0,588.0,0.0,0.0,661.0,0.0,0.0,0.0,0.0
p0810,SEC.ESC.LA COLINA,15,KR 52C 12A SUR -23,-75.5917542481526,6.19741966608493,verde,1.0,2990.0,5238.0,57.08,20.0,406.0,583.0,0.0,0.0,0.0,1203.0,0.0,0.0,2990.0,0.0,0.0,0.0,0.0
p0811,SEC. ESC. LA ESPERANZA No 2,01,KR 29 # 102 - 20,-75.5411052238386,6.29116685388909,verde,1.0,1787.0,4297.0,41.59,36.0,433.0,287.0,0.0,0.0,0.0,1644.0,0.0,0.0,1787.0,0.0,0.0,0.0,0.0
p0812,SEC ESC LA FRONTERA,02,CALLE 122 No 50A 14,-75.552652880759,6.30574568136459,verde,1.0,1078.0,2468.0,43.68,12.0,133.0,247.0,0.0,0.0,0.0,941.0,0.0,0.0,1078.0,0.0,0.0,0.0,0.0
p0813,SEC. ESC. LEON DE GREIFF,06,CL 101CC # 82E-72,-75.5807233462768,6.30218131344342,verde,1.0,2097.0,3872.0,54.16,19.0,363.0,308.0,0.0,0.0,0.0,1013.0,0.0,0.0,2097.0,0.0,0.0,0.0,0.0
p0814,SEC.ESC. MANUEL URIBE ANGEL,02,KR 49A #107-65,-75.5537101125958,6.29803059537799,verde,1.0,3745.0,8203.0,45.65,42.0,585.0,684.0,0.0,0.0,0.0,2987.0,0.0,0.0,3745.0,0.0,0.0,0.0,0.0
p0815,SEC. ESC. MEDELLIN,01,CL 96 # 36-45,-75.5463439419925,6.28682287549366,verde,1.0,2362.0,4754.0,49.68,26.0,458.0,358.0,0.0,0.0,0.0,1436.0,0.0,0.0,2362.0,0.0,0.0,0.0,0.0
p0816,SEC. ESC. MONSEÑOR PERDOMO,13,CL 44 # 97-14,-75.6141498683713,6.25619406071847,verde,1.0,4127.0,6648.0,62.08,28.0,731.0,494.0,0.0,0.0,0.0,1204.0,0.0,0.0,4127.0,0.0,0.0,0.0,0.0
p0817,SEC.ESC.NIÑO JESUS DE PRAGA,08,CALLE 57C No. 23-200,-75.5458064015143,6.24859425052794,verde,1.0,1391.0,3222.0,43.17,14.0,214.0,225.0,0.0,0.0,0.0,1307.0,0.0,0.0,1391.0,0.0,0.0,0.0,0.0
p0818,SEC. ESC. NUEVO HORIZONTE 2,01,CARRERA 37 No 107AA 21,-75.5456065901523,6.29767812768782,amarillo,2.0,1138.0,2783.0,40.89,32.0,131.0,198.0,0.0,0.0,0.0,1228.0,0.0,0.0,1138.0,0.0,0.0,0.0,0.0
p0819,SEC. ESC. PEDRO DE CASTRO,12,CL 40 # 86A-101,-75.6082621376314,6.24867996662925,verde,1.0,2979.0,3955.0,75.32,15.0,419.0,156.0,0.0,0.0,0.0,371.0,0.0,0.0,2979.0,0.0,0.0,0.0,0.0
p0820,SEC.ESC.PIO XII,13,KR 98 # 44-52,-75.6139656751284,6.25645879236548,verde,1.0,3024.0,5210.0,58.04,23.0,449.0,418.0,0.0,0.0,0.0,1222.0,0.0,0.0,3024.0,0.0,0.0,0.0,0.0
p0821,SEC. ESC. PORFIRIO BARBA JACOB,04,CR 47 74 32,-75.5565640183536,6.2687825079137,verde,1.0,325.0,664.0,48.95,3.0,51.0,66.0,0.0,0.0,0.0,211.0,0.0,0.0,325.0,0.0,0.0,0.0,0.0
p0822,SEC.ESC.RAFAEL URIBE URIBE,12,CARRERA 83 No. 42C - 54,-75.60430264,6.248690842,verde,1.0,1231.0,2328.0,52.88,11.0,200.0,307.0,0.0,0.0,0.0,458.0,0.0,0.0,1231.0,0.0,0.0,0.0,0.0
p0823,SEC. ESC. REPUBLICA DE COSTA RICA,15,CARRERA 52 No 7 SUR -23,-75.5880814138367,6.20283867531398,verde,1.0,3536.0,5862.0,60.32,24.0,611.0,466.0,0.0,0.0,0.0,1169.0,0.0,0.0,3536.0,0.0,0.0,0.0,0.0
p0824,SEC. ESC. REPUBLICA DE PANAMA,13,KR 88 # 49DD-70,-75.6061726885573,6.26297416469676,verde,1.0,2516.0,4058.0,62.0,17.0,337.0,271.0,0.0,0.0,0.0,874.0,0.0,0.0,2516.0,0.0,0.0,0.0,0.0
p0825,SEC ESC SAN JOSE (IE MANUELA BELTRAN),03,CL 71 No 33-18,-75.5457995808589,6.2655848405348,verde,1.0,3867.0,8257.0,46.83,42.0,597.0,700.0,0.0,0.0,0.0,2869.0,0.0,0.0,3867.0,0.0,0.0,0.0,0.0
p0826,SEC.ESC.SAN MARTIN DE PORRES,06,KR 75A # 97-135,-75.5785834332816,6.29591769803768,verde,1.0,2362.0,4340.0,54.42,20.0,389.0,366.0,0.0,0.0,0.0,1137.0,0.0,0.0,2362.0,0.0,0.0,0.0,0.0
p0827,SEC. ESC. SANTA LUCIA,12,KR 89A # 47DD-71,-75.6056809586786,6.25781004960638,verde,1.0,4465.0,7007.0,63.72,28.0,584.0,564.0,0.0,0.0,0.0,1260.0,0.0,0.0,4465.0,0.0,0.0,0.0,0.0
p0828,SEC.ESC. SANTA MARGARITA,07,KR 105B # 62-68,-75.6158760616786,6.27663032447751,verde,1.0,2133.0,4617.0,46.2,24.0,379.0,374.0,0.0,0.0,0.0,1585.0,0.0,0.0,2133.0,0.0,0.0,0.0,0.0
p0829,SEC. ESC. SANTISIMA TRINIDAD,15,CL 26 65B 100,-75.5864392179291,6.22802388411243,verde,1.0,19.0,39.0,48.72,1.0,4.0,4.0,0.0,0.0,0.0,12.0,0.0,0.0,19.0,0.0,0.0,0.0,0.0
p0830,SEC. ESC. SOFIA OSPINA DE NAVARRO,16,CALLE 32 No. 65-20,-75.5829747352203,6.23509524158148,verde,1.0,2777.0,3762.0,73.82,15.0,397.0,205.0,0.0,0.0,0.0,353.0,0.0,0.0,2777.0,0.0,0.0,0.0,0.0
p0831,SEC ESC SOR MARIA LUISA COURBIN,08,KR 12 # 52-44,-75.5383920851601,6.23375102407936,verde,1.0,2395.0,4423.0,54.15,23.0,433.0,282.0,0.0,0.0,0.0,1187.0,0.0,0.0,2395.0,0.0,0.0,0.0,0.0
p0832,SEC ESC TOMAS CARRASQUILLA No 1,04,CRA 52 No 92 - 05,-75.5631898695226,6.28369520485718,verde,1.0,544.0,1242.0,43.8,5.0,59.0,118.0,0.0,0.0,0.0,497.0,0.0,0.0,544.0,0.0,0.0,0.0,0.0
p0833,SEC ESC TOSCANA,05,CLL 111G No 64A-16,-75.5593472389348,6.30624033292474,verde,1.0,873.0,1900.0,45.95,8.0,116.0,192.0,0.0,0.0,0.0,683.0,0.0,0.0,873.0,0.0,0.0,0.0,0.0
p0834,SEC ESC TRICENTENARIO,05,CRA 63A No 94A-23,-75.5645635387528,6.29223542853768,verde,1.0,2841.0,6020.0,47.19,27.0,404.0,672.0,0.0,0.0,0.0,2030.0,0.0,0.0,2841.0,0.0,0.0,0.0,0.0
p0835,SEC. ESC. VEINTE DE JULIO,13,CR 106 38 40,-75.6183808792967,6.25208203968056,verde,1.0,225.0,483.0,46.58,3.0,30.0,56.0,0.0,0.0,0.0,164.0,0.0,0.0,225.0,0.0,0.0,0.0,0.0
p0836,SEC. ESC. VILLA TURBAY,08,KR 2 # 55F-17,-75.5301167729546,6.23582789654241,amarillo,2.0,919.0,2372.0,38.74,14.0,212.0,181.0,0.0,0.0,0.0,972.0,0.0,0.0,919.0,0.0,0.0,0.0,0.0
p0837,"SECCION ESCUELA ALEJANDRO
ECHAVARRIA",09,CARRERA 16 NO 49B 8,-75.5424115800078,6.23491119379597,verde,1.0,1433.0,3016.0,47.51,12.0,179.0,266.0,0.0,0.0,0.0,1079.0,0.0,0.0,1433.0,0.0,0.0,0.0,0.0
p0838,SECCION ESCUELA CARLOS FRANCO,16,CARRERA 77 No 25 67,-75.5975780274351,6.22795047226118,verde,1.0,340.0,618.0,55.02,2.0,39.0,57.0,0.0,0.0,0.0,177.0,0.0,0.0,340.0,0.0,0.0,0.0,0.0
p0839,SECCION ESCUELA HOGAR ANTIOQUIA,08,CR 12 52 42,-75.5389167505955,6.23407109150337,verde,1.0,790.0,1523.0,51.87,9.0,125.0,98.0,0.0,0.0,0.0,469.0,0.0,0.0,790.0,0.0,0.0,0.0,0.0
p0840,SENA,10,CL 51 # 57-70,-75.5752146313018,6.25492070603386,verde,1.0,1683.0,2995.0,56.19,16.0,250.0,164.0,0.0,0.0,0.0,825.0,0.0,0.0,1683.0,0.0,0.0,0.0,0.0
p0841,SENA PEDREGAL,06,CL 104 69 120,-75.568561569866,6.30207801111797,verde,1.0,84.0,200.0,42.0,1.0,9.0,33.0,0.0,0.0,0.0,71.0,0.0,0.0,84.0,0.0,0.0,0.0,0.0
p0842,SENA - SEDE BUENOS AIRES,09,CLL 48 No 28-00,-75.5523085999975,6.23947859405442,amarillo,2.0,732.0,1897.0,38.59,10.0,81.0,237.0,0.0,0.0,0.0,817.0,0.0,0.0,732.0,0.0,0.0,0.0,0.0
p0843,TECNOLOGICO DE ANTIOQUIA,07,CALLE 78B # 72A-220,-75.5831927341683,6.27994372598423,verde,1.0,3872.0,7877.0,49.16,30.0,549.0,1079.0,0.0,0.0,0.0,2293.0,0.0,0.0,3872.0,0.0,0.0,0.0,0.0
p0844,TERMINAL DE TRANSPORTES DEL NORTE,05,CR 64 C No 78 580,-75.5713458524746,6.2789919855988,verde,1.0,680.0,1607.0,42.31,8.0,124.0,152.0,0.0,0.0,0.0,621.0,0.0,0.0,680.0,0.0,0.0,0.0,0.0
p0845,UNID.DEPORTIVA ANDRES ESCOBAR,16,CR 66B 30A 49 AUDITORIOS DE LA BOLERA,-75.5873212553138,6.23288345794317,verde,1.0,1922.0,3401.0,56.51,12.0,331.0,437.0,0.0,0.0,0.0,686.0,0.0,0.0,1922.0,0.0,0.0,0.0,0.0
p0846,UNIVERSIDAD CLARETIANA,10,CARRERA 55A # 61-06,-75.5700410419034,6.2604302901465,amarillo,2.0,464.0,1997.0,23.23,8.0,94.0,327.0,0.0,0.0,0.0,1092.0,0.0,0.0,464.0,0.0,0.0,0.0,0.0
p0847,UNIVERSIDAD DE MEDELLIN,16,KR 87 # 30-65,-75.6099796263254,6.2315900726161,verde,1.0,5648.0,9129.0,61.87,39.0,857.0,867.0,0.0,0.0,0.0,1639.0,0.0,0.0,5648.0,0.0,0.0,0.0,0.0
p0848,UNIVERSIDAD EAFIT,14,KR 49 # 7 SUR 50,-75.5792119555909,6.19961451578806,verde,1.0,7824.0,10414.0,75.13,37.0,1498.0,539.0,0.0,0.0,0.0,516.0,0.0,0.0,7824.0,0.0,0.0,0.0,0.0
p0849,UNIVERSIDAD PONTIFICIA BOLIVARIANA,11,CIR 1 No 70 - 01,-75.5893623546487,6.24235602582851,verde,1.0,6067.0,10569.0,57.4,37.0,952.0,1482.0,0.0,0.0,0.0,2001.0,0.0,0.0,6067.0,0.0,0.0,0.0,0.0
